Date,Time,Open,High,Low,Close
2025-05-30,10:00:00,4.46999979019165,4.46999979019165,4.46999979019165,4.46999979019165
2025-05-30,11:00:00,4.429999828338623,4.429999828338623,4.429999828338623,4.429999828338623
2025-05-30,12:00:00,4.420000076293945,4.420000076293945,4.420000076293945,4.420000076293945
2025-05-30,13:00:00,4.420000076293945,4.420000076293945,4.420000076293945,4.420000076293945
2025-05-30,14:00:00,4.420000076293945,4.420000076293945,4.420000076293945,4.420000076293945
2025-05-30,15:00:00,4.420000076293945,4.420000076293945,4.420000076293945,4.420000076293945
2025-06-02,09:15:00,4.429999828338623,4.5,4.429999828338623,4.5
2025-06-02,09:30:00,4.630000114440918,4.639999866485596,4.630000114440918,4.639999866485596
2025-06-02,09:45:00,4.639999866485596,4.639999866485596,4.639999866485596,4.639999866485596
2025-06-02,10:00:00,4.639999866485596,4.639999866485596,4.639999866485596,4.639999866485596
2025-06-02,10:15:00,4.639999866485596,4.639999866485596,4.639999866485596,4.639999866485596
2025-06-02,10:30:00,4.639999866485596,4.639999866485596,4.639999866485596,4.639999866485596
2025-06-02,10:45:00,4.639999866485596,4.639999866485596,4.639999866485596,4.639999866485596
2025-06-02,11:00:00,4.639999866485596,4.639999866485596,4.639999866485596,4.639999866485596
2025-06-02,11:15:00,4.639999866485596,4.639999866485596,4.639999866485596,4.639999866485596
2025-06-02,11:30:00,4.639999866485596,4.639999866485596,4.639999866485596,4.639999866485596
2025-06-02,11:45:00,4.639999866485596,4.639999866485596,4.639999866485596,4.639999866485596
2025-06-02,12:15:00,4.639999866485596,4.639999866485596,4.639999866485596,4.639999866485596
2025-06-02,12:30:00,4.639999866485596,4.639999866485596,4.639999866485596,4.639999866485596
2025-06-02,12:45:00,4.639999866485596,4.639999866485596,4.639999866485596,4.639999866485596
2025-06-02,13:00:00,4.639999866485596,4.639999866485596,4.639999866485596,4.639999866485596
2025-06-02,13:15:00,4.639999866485596,4.639999866485596,4.639999866485596,4.639999866485596
2025-06-02,13:30:00,4.639999866485596,4.639999866485596,4.639999866485596,4.639999866485596
2025-06-02,13:45:00,4.639999866485596,4.639999866485596,4.639999866485596,4.639999866485596
2025-06-02,14:15:00,4.639999866485596,4.639999866485596,4.639999866485596,4.639999866485596
2025-06-02,14:30:00,4.639999866485596,4.639999866485596,4.639999866485596,4.639999866485596
2025-06-02,14:45:00,4.639999866485596,4.639999866485596,4.639999866485596,4.639999866485596
2025-06-02,15:15:00,4.639999866485596,4.639999866485596,4.639999866485596,4.639999866485596
2025-06-03,09:15:00,4.869999885559082,4.869999885559082,4.869999885559082,4.869999885559082
2025-06-03,09:30:00,4.869999885559082,4.869999885559082,4.570000171661377,4.820000171661377
2025-06-03,09:45:00,4.820000171661377,4.820000171661377,4.610000133514404,4.610000133514404
2025-06-03,10:00:00,4.809999942779541,4.809999942779541,4.809999942779541,4.809999942779541
2025-06-03,10:15:00,4.75,4.820000171661377,4.679999828338623,4.679999828338623
2025-06-03,10:30:00,4.699999809265137,4.820000171661377,4.699999809265137,4.699999809265137
2025-06-03,10:45:00,4.820000171661377,4.820000171661377,4.699999809265137,4.699999809265137
2025-06-03,11:00:00,4.800000190734863,4.809999942779541,4.699999809265137,4.809999942779541
2025-06-03,11:15:00,4.800000190734863,4.800000190734863,4.699999809265137,4.699999809265137
2025-06-03,11:30:00,4.800000190734863,4.800000190734863,4.800000190734863,4.800000190734863
2025-06-03,11:45:00,4.800000190734863,4.800000190734863,4.800000190734863,4.800000190734863
2025-06-03,12:00:00,4.800000190734863,4.809999942779541,4.800000190734863,4.809999942779541
2025-06-03,12:15:00,4.809999942779541,4.820000171661377,4.809999942779541,4.820000171661377
2025-06-03,12:30:00,4.820000171661377,4.820000171661377,4.820000171661377,4.820000171661377
2025-06-03,12:45:00,4.840000152587891,4.849999904632568,4.840000152587891,4.849999904632568
2025-06-03,13:15:00,4.869999885559082,4.869999885559082,4.869999885559082,4.869999885559082
2025-06-03,13:30:00,4.869999885559082,4.869999885559082,4.849999904632568,4.849999904632568
2025-06-03,13:45:00,4.849999904632568,4.849999904632568,4.829999923706055,4.840000152587891
2025-06-03,14:00:00,4.829999923706055,4.829999923706055,4.829999923706055,4.829999923706055
2025-06-03,14:15:00,4.829999923706055,4.829999923706055,4.829999923706055,4.829999923706055
2025-06-03,14:30:00,4.829999923706055,4.829999923706055,4.829999923706055,4.829999923706055
2025-06-03,14:45:00,4.820000171661377,4.820000171661377,4.820000171661377,4.820000171661377
2025-06-03,15:00:00,4.820000171661377,4.820000171661377,4.800000190734863,4.809999942779541
2025-06-03,15:15:00,4.809999942779541,4.809999942779541,4.730000019073486,4.769999980926514
2025-06-04,09:15:00,4.699999809265137,4.699999809265137,4.53000020980835,4.670000076293945
2025-06-04,09:30:00,4.670000076293945,4.670000076293945,4.599999904632568,4.599999904632568
2025-06-04,09:45:00,4.619999885559082,4.619999885559082,4.599999904632568,4.599999904632568
2025-06-04,10:00:00,4.599999904632568,4.599999904632568,4.590000152587891,4.590000152587891
2025-06-04,10:15:00,4.599999904632568,4.650000095367432,4.590000152587891,4.650000095367432
2025-06-04,10:30:00,4.650000095367432,4.659999847412109,4.650000095367432,4.659999847412109
2025-06-04,10:45:00,4.659999847412109,4.659999847412109,4.590000152587891,4.590000152587891
2025-06-04,11:00:00,4.559999942779541,4.650000095367432,4.539999961853027,4.650000095367432
2025-06-04,11:15:00,4.559999942779541,4.559999942779541,4.550000190734863,4.550000190734863
2025-06-04,11:30:00,4.650000095367432,4.650000095367432,4.550000190734863,4.550000190734863
2025-06-04,11:45:00,4.550000190734863,4.650000095367432,4.550000190734863,4.650000095367432
2025-06-04,12:00:00,4.650000095367432,4.650000095367432,4.53000020980835,4.53000020980835
2025-06-04,12:15:00,4.639999866485596,4.639999866485596,4.550000190734863,4.550000190734863
2025-06-04,12:30:00,4.630000114440918,4.630000114440918,4.630000114440918,4.630000114440918
2025-06-04,12:45:00,4.590000152587891,4.590000152587891,4.590000152587891,4.590000152587891
2025-06-04,13:00:00,4.590000152587891,4.590000152587891,4.559999942779541,4.559999942779541
2025-06-04,13:15:00,4.590000152587891,4.590000152587891,4.590000152587891,4.590000152587891
2025-06-04,13:30:00,4.570000171661377,4.630000114440918,4.559999942779541,4.630000114440918
2025-06-04,13:45:00,4.630000114440918,4.639999866485596,4.619999885559082,4.639999866485596
2025-06-04,14:00:00,4.639999866485596,4.639999866485596,4.639999866485596,4.639999866485596
2025-06-04,14:30:00,4.650000095367432,4.650000095367432,4.639999866485596,4.639999866485596
2025-06-04,14:45:00,4.639999866485596,4.639999866485596,4.639999866485596,4.639999866485596
2025-06-04,15:00:00,4.639999866485596,4.639999866485596,4.639999866485596,4.639999866485596
2025-06-04,15:15:00,4.550000190734863,4.659999847412109,4.550000190734863,4.610000133514404
2025-06-05,09:15:00,4.679999828338623,4.679999828338623,4.570000171661377,4.579999923706055
2025-06-05,09:30:00,4.579999923706055,4.579999923706055,4.570000171661377,4.570000171661377
2025-06-05,09:45:00,4.570000171661377,4.570000171661377,4.5,4.570000171661377
2025-06-05,10:00:00,4.5,4.570000171661377,4.5,4.510000228881836
2025-06-05,10:15:00,4.559999942779541,4.559999942779541,4.510000228881836,4.559999942779541
2025-06-05,10:30:00,4.519999980926514,4.539999961853027,4.519999980926514,4.539999961853027
2025-06-05,10:45:00,4.539999961853027,4.539999961853027,4.539999961853027,4.539999961853027
2025-06-05,11:00:00,4.5,4.559999942779541,4.5,4.559999942779541
2025-06-05,11:15:00,4.559999942779541,4.559999942779541,4.5,4.559999942779541
2025-06-05,11:30:00,4.559999942779541,4.650000095367432,4.5,4.650000095367432
2025-06-05,11:45:00,4.599999904632568,4.599999904632568,4.599999904632568,4.599999904632568
2025-06-05,12:00:00,4.619999885559082,4.619999885559082,4.519999980926514,4.519999980926514
2025-06-05,12:15:00,4.599999904632568,4.599999904632568,4.539999961853027,4.539999961853027
2025-06-05,12:30:00,4.559999942779541,4.559999942779541,4.559999942779541,4.559999942779541
2025-06-05,12:45:00,4.559999942779541,4.559999942779541,4.559999942779541,4.559999942779541
2025-06-05,13:00:00,4.559999942779541,4.619999885559082,4.559999942779541,4.619999885559082
2025-06-05,13:15:00,4.570000171661377,4.570000171661377,4.570000171661377,4.570000171661377
2025-06-05,13:30:00,4.619999885559082,4.619999885559082,4.619999885559082,4.619999885559082
2025-06-05,13:45:00,4.599999904632568,4.599999904632568,4.570000171661377,4.570000171661377
2025-06-05,14:00:00,4.590000152587891,4.590000152587891,4.590000152587891,4.590000152587891
2025-06-05,14:15:00,4.559999942779541,4.590000152587891,4.559999942779541,4.590000152587891
2025-06-05,14:30:00,4.590000152587891,4.599999904632568,4.590000152587891,4.599999904632568
2025-06-05,14:45:00,4.599999904632568,4.599999904632568,4.590000152587891,4.590000152587891
2025-06-05,15:00:00,4.570000171661377,4.570000171661377,4.559999942779541,4.559999942779541
2025-06-05,15:15:00,4.590000152587891,4.590000152587891,4.559999942779541,4.559999942779541
2025-06-06,09:15:00,4.639999866485596,4.639999866485596,4.599999904632568,4.639999866485596
2025-06-06,09:30:00,4.639999866485596,4.639999866485596,4.619999885559082,4.619999885559082
2025-06-06,09:45:00,4.639999866485596,4.639999866485596,4.639999866485596,4.639999866485596
2025-06-06,10:00:00,4.619999885559082,4.639999866485596,4.619999885559082,4.639999866485596
2025-06-06,10:15:00,4.619999885559082,4.619999885559082,4.619999885559082,4.619999885559082
2025-06-06,10:30:00,4.619999885559082,4.639999866485596,4.619999885559082,4.639999866485596
2025-06-06,10:45:00,4.639999866485596,4.639999866485596,4.639999866485596,4.639999866485596
2025-06-06,11:00:00,4.639999866485596,4.639999866485596,4.639999866485596,4.639999866485596
2025-06-06,11:15:00,4.639999866485596,4.639999866485596,4.619999885559082,4.639999866485596
2025-06-06,11:30:00,4.639999866485596,4.730000019073486,4.639999866485596,4.730000019073486
2025-06-06,11:45:00,4.730000019073486,4.730000019073486,4.730000019073486,4.730000019073486
2025-06-06,12:00:00,4.730000019073486,4.730000019073486,4.730000019073486,4.730000019073486
2025-06-06,12:15:00,4.71999979019165,4.71999979019165,4.710000038146973,4.71999979019165
2025-06-06,12:30:00,4.730000019073486,4.730000019073486,4.639999866485596,4.639999866485596
2025-06-06,12:45:00,4.769999980926514,4.78000020980835,4.599999904632568,4.599999904632568
2025-06-06,13:30:00,4.619999885559082,4.78000020980835,4.599999904632568,4.78000020980835
2025-06-06,13:45:00,4.590000152587891,4.78000020980835,4.590000152587891,4.78000020980835
2025-06-06,14:00:00,4.78000020980835,4.78000020980835,4.599999904632568,4.599999904632568
2025-06-06,14:15:00,4.739999771118164,4.739999771118164,4.739999771118164,4.739999771118164
2025-06-06,14:30:00,4.699999809265137,4.699999809265137,4.699999809265137,4.699999809265137
2025-06-06,14:45:00,4.699999809265137,4.699999809265137,4.610000133514404,4.610000133514404
2025-06-06,15:00:00,4.610000133514404,4.690000057220459,4.610000133514404,4.690000057220459
2025-06-06,15:15:00,4.610000133514404,4.690000057220459,4.610000133514404,4.610000133514404
2025-06-09,09:15:00,4.610000133514404,4.800000190734863,4.610000133514404,4.760000228881836
2025-06-09,09:30:00,4.760000228881836,4.840000152587891,4.75,4.829999923706055
2025-06-09,09:45:00,4.650000095367432,4.829999923706055,4.650000095367432,4.679999828338623
2025-06-09,10:00:00,4.829999923706055,4.829999923706055,4.809999942779541,4.809999942779541
2025-06-09,10:15:00,4.809999942779541,4.809999942779541,4.679999828338623,4.679999828338623
2025-06-09,10:30:00,4.789999961853027,4.789999961853027,4.789999961853027,4.789999961853027
2025-06-09,10:45:00,4.789999961853027,4.800000190734863,4.690000057220459,4.690000057220459
2025-06-09,11:00:00,4.690000057220459,4.789999961853027,4.690000057220459,4.789999961853027
2025-06-09,11:15:00,4.789999961853027,4.789999961853027,4.690000057220459,4.690000057220459
2025-06-09,11:30:00,4.710000038146973,4.78000020980835,4.710000038146973,4.78000020980835
2025-06-09,11:45:00,4.71999979019165,4.71999979019165,4.71999979019165,4.71999979019165
2025-06-09,12:00:00,4.71999979019165,4.78000020980835,4.710000038146973,4.78000020980835
2025-06-09,12:15:00,4.710000038146973,4.769999980926514,4.650000095367432,4.659999847412109
2025-06-09,12:30:00,4.659999847412109,4.769999980926514,4.659999847412109,4.769999980926514
2025-06-09,12:45:00,4.659999847412109,4.800000190734863,4.659999847412109,4.800000190734863
2025-06-09,13:00:00,4.789999961853027,4.789999961853027,4.789999961853027,4.789999961853027
2025-06-09,13:15:00,4.679999828338623,4.78000020980835,4.679999828338623,4.679999828338623
2025-06-09,13:30:00,4.679999828338623,4.78000020980835,4.679999828338623,4.78000020980835
2025-06-09,13:45:00,4.78000020980835,4.78000020980835,4.78000020980835,4.78000020980835
2025-06-09,14:00:00,4.769999980926514,4.78000020980835,4.630000114440918,4.630000114440918
2025-06-09,14:15:00,4.78000020980835,4.78000020980835,4.769999980926514,4.78000020980835
2025-06-09,14:30:00,4.78000020980835,4.78000020980835,4.769999980926514,4.769999980926514
2025-06-09,14:45:00,4.760000228881836,4.760000228881836,4.760000228881836,4.760000228881836
2025-06-09,15:00:00,4.679999828338623,4.679999828338623,4.679999828338623,4.679999828338623
2025-06-09,15:15:00,4.760000228881836,4.769999980926514,4.659999847412109,4.699999809265137
2025-06-10,09:15:00,4.809999942779541,4.809999942779541,4.75,4.75
2025-06-10,09:30:00,4.650000095367432,4.75,4.650000095367432,4.739999771118164
2025-06-10,09:45:00,4.739999771118164,4.840000152587891,4.639999866485596,4.699999809265137
2025-06-10,10:00:00,4.699999809265137,4.800000190734863,4.699999809265137,4.789999961853027
2025-06-10,10:15:00,4.789999961853027,4.789999961853027,4.679999828338623,4.75
2025-06-10,10:30:00,4.75,4.75,4.659999847412109,4.75
2025-06-10,10:45:00,4.659999847412109,4.679999828338623,4.659999847412109,4.679999828338623
2025-06-10,11:00:00,4.75,4.75,4.690000057220459,4.71999979019165
2025-06-10,11:15:00,4.71999979019165,4.71999979019165,4.71999979019165,4.71999979019165
2025-06-10,11:30:00,4.71999979019165,4.71999979019165,4.71999979019165,4.71999979019165
2025-06-10,11:45:00,4.71999979019165,4.71999979019165,4.650000095367432,4.659999847412109
2025-06-10,12:15:00,4.71999979019165,4.75,4.659999847412109,4.659999847412109
2025-06-10,12:30:00,4.739999771118164,4.739999771118164,4.739999771118164,4.739999771118164
2025-06-10,12:45:00,4.639999866485596,4.739999771118164,4.639999866485596,4.739999771118164
2025-06-10,13:00:00,4.75,4.800000190734863,4.699999809265137,4.789999961853027
2025-06-10,13:15:00,4.789999961853027,4.789999961853027,4.699999809265137,4.699999809265137
2025-06-10,13:30:00,4.789999961853027,4.789999961853027,4.789999961853027,4.789999961853027
2025-06-10,13:45:00,4.659999847412109,4.659999847412109,4.650000095367432,4.650000095367432
2025-06-10,14:00:00,4.650000095367432,4.78000020980835,4.650000095367432,4.78000020980835
2025-06-10,14:15:00,4.650000095367432,4.670000076293945,4.650000095367432,4.670000076293945
2025-06-10,14:30:00,4.670000076293945,4.670000076293945,4.670000076293945,4.670000076293945
2025-06-10,14:45:00,4.670000076293945,4.670000076293945,4.670000076293945,4.670000076293945
2025-06-10,15:00:00,4.670000076293945,4.670000076293945,4.650000095367432,4.650000095367432
2025-06-10,15:15:00,4.650000095367432,4.670000076293945,4.650000095367432,4.670000076293945
2025-06-11,09:15:00,4.650000095367432,4.730000019073486,4.650000095367432,4.730000019073486
2025-06-11,09:30:00,4.739999771118164,4.739999771118164,4.730000019073486,4.730000019073486
2025-06-11,09:45:00,4.730000019073486,4.730000019073486,4.699999809265137,4.730000019073486
2025-06-11,10:00:00,4.699999809265137,4.730000019073486,4.699999809265137,4.699999809265137
2025-06-11,10:15:00,4.730000019073486,4.730000019073486,4.699999809265137,4.699999809265137
2025-06-11,10:30:00,4.71999979019165,4.71999979019165,4.71999979019165,4.71999979019165
2025-06-11,11:15:00,4.699999809265137,4.699999809265137,4.699999809265137,4.699999809265137
2025-06-11,11:30:00,4.699999809265137,4.699999809265137,4.699999809265137,4.699999809265137
2025-06-11,11:45:00,4.699999809265137,4.699999809265137,4.699999809265137,4.699999809265137
2025-06-11,12:00:00,4.699999809265137,4.699999809265137,4.699999809265137,4.699999809265137
2025-06-11,12:15:00,4.699999809265137,4.699999809265137,4.699999809265137,4.699999809265137
2025-06-11,12:30:00,4.699999809265137,4.699999809265137,4.699999809265137,4.699999809265137
2025-06-11,12:45:00,4.699999809265137,4.699999809265137,4.699999809265137,4.699999809265137
2025-06-11,13:00:00,4.699999809265137,4.699999809265137,4.670000076293945,4.670000076293945
2025-06-11,13:15:00,4.670000076293945,4.670000076293945,4.670000076293945,4.670000076293945
2025-06-11,13:30:00,4.670000076293945,4.690000057220459,4.619999885559082,4.690000057220459
2025-06-11,13:45:00,4.690000057220459,4.690000057220459,4.690000057220459,4.690000057220459
2025-06-11,14:00:00,4.619999885559082,4.630000114440918,4.619999885559082,4.630000114440918
2025-06-11,14:15:00,4.619999885559082,4.619999885559082,4.619999885559082,4.619999885559082
2025-06-11,14:30:00,4.690000057220459,4.690000057220459,4.690000057220459,4.690000057220459
2025-06-11,14:45:00,4.690000057220459,4.690000057220459,4.630000114440918,4.630000114440918
2025-06-11,15:00:00,4.630000114440918,4.690000057220459,4.630000114440918,4.690000057220459
2025-06-11,15:15:00,4.690000057220459,4.690000057220459,4.650000095367432,4.650000095367432
2025-06-12,09:15:00,4.789999961853027,4.789999961853027,4.570000171661377,4.78000020980835
2025-06-12,09:30:00,4.78000020980835,4.78000020980835,4.699999809265137,4.760000228881836
2025-06-12,09:45:00,4.699999809265137,4.769999980926514,4.699999809265137,4.769999980926514
2025-06-12,10:00:00,4.769999980926514,4.769999980926514,4.699999809265137,4.699999809265137
2025-06-12,10:15:00,4.659999847412109,4.659999847412109,4.650000095367432,4.659999847412109
2025-06-12,10:30:00,4.659999847412109,4.699999809265137,4.659999847412109,4.670000076293945
2025-06-12,10:45:00,4.699999809265137,4.699999809265137,4.699999809265137,4.699999809265137
2025-06-12,11:00:00,4.699999809265137,4.699999809265137,4.619999885559082,4.619999885559082
2025-06-12,11:15:00,4.630000114440918,4.630000114440918,4.630000114440918,4.630000114440918
2025-06-12,11:30:00,4.619999885559082,4.699999809265137,4.599999904632568,4.699999809265137
2025-06-12,11:45:00,4.699999809265137,4.739999771118164,4.699999809265137,4.739999771118164
2025-06-12,12:00:00,4.739999771118164,4.739999771118164,4.650000095367432,4.650000095367432
2025-06-12,12:15:00,4.619999885559082,4.619999885559082,4.599999904632568,4.599999904632568
2025-06-12,12:30:00,4.610000133514404,4.610000133514404,4.610000133514404,4.610000133514404
2025-06-12,12:45:00,4.730000019073486,4.739999771118164,4.730000019073486,4.739999771118164
2025-06-12,13:00:00,4.739999771118164,4.739999771118164,4.739999771118164,4.739999771118164
2025-06-12,13:15:00,4.739999771118164,4.75,4.739999771118164,4.75
2025-06-12,13:30:00,4.75,4.75,4.630000114440918,4.630000114440918
2025-06-12,13:45:00,4.730000019073486,4.730000019073486,4.730000019073486,4.730000019073486
2025-06-12,14:00:00,4.71999979019165,4.71999979019165,4.71999979019165,4.71999979019165
2025-06-12,14:15:00,4.71999979019165,4.71999979019165,4.630000114440918,4.630000114440918
2025-06-12,14:45:00,4.71999979019165,4.71999979019165,4.630000114440918,4.630000114440918
2025-06-12,15:00:00,4.71999979019165,4.71999979019165,4.71999979019165,4.71999979019165
2025-06-12,15:15:00,4.71999979019165,4.71999979019165,4.630000114440918,4.650000095367432
2025-06-13,09:15:00,4.699999809265137,4.809999942779541,4.599999904632568,4.599999904632568
2025-06-13,09:30:00,4.599999904632568,4.800000190734863,4.559999942779541,4.800000190734863
2025-06-13,09:45:00,4.760000228881836,4.760000228881836,4.71999979019165,4.71999979019165
2025-06-13,10:00:00,4.699999809265137,4.71999979019165,4.699999809265137,4.71999979019165
2025-06-13,10:15:00,4.679999828338623,4.710000038146973,4.659999847412109,4.659999847412109
2025-06-13,10:30:00,4.659999847412109,4.710000038146973,4.599999904632568,4.599999904632568
2025-06-13,10:45:00,4.610000133514404,4.610000133514404,4.610000133514404,4.610000133514404
2025-06-13,11:00:00,4.710000038146973,4.710000038146973,4.710000038146973,4.710000038146973
2025-06-13,11:15:00,4.710000038146973,4.710000038146973,4.699999809265137,4.699999809265137
2025-06-13,11:30:00,4.650000095367432,4.699999809265137,4.630000114440918,4.699999809265137
2025-06-13,11:45:00,4.699999809265137,4.699999809265137,4.639999866485596,4.639999866485596
2025-06-13,12:00:00,4.639999866485596,4.639999866485596,4.570000171661377,4.639999866485596
2025-06-13,12:45:00,4.639999866485596,4.639999866485596,4.639999866485596,4.639999866485596
2025-06-13,13:00:00,4.639999866485596,4.639999866485596,4.639999866485596,4.639999866485596
2025-06-13,13:15:00,4.639999866485596,4.639999866485596,4.639999866485596,4.639999866485596
2025-06-13,13:30:00,4.639999866485596,4.639999866485596,4.639999866485596,4.639999866485596
2025-06-13,13:45:00,4.639999866485596,4.639999866485596,4.639999866485596,4.639999866485596
2025-06-13,14:00:00,4.619999885559082,4.619999885559082,4.619999885559082,4.619999885559082
2025-06-13,14:30:00,4.619999885559082,4.619999885559082,4.599999904632568,4.619999885559082
2025-06-13,14:45:00,4.619999885559082,4.639999866485596,4.619999885559082,4.639999866485596
2025-06-13,15:00:00,4.5,4.610000133514404,4.409999847412109,4.409999847412109
2025-06-13,15:15:00,4.409999847412109,4.599999904632568,4.409999847412109,4.429999828338623
2025-06-16,09:15:00,4.429999828338623,4.429999828338623,4.199999809265137,4.309999942779541
2025-06-16,09:30:00,4.329999923706055,4.400000095367432,4.210000038146973,4.400000095367432
2025-06-16,09:45:00,4.400000095367432,4.400000095367432,4.260000228881836,4.400000095367432
2025-06-16,10:00:00,4.400000095367432,4.400000095367432,4.230000019073486,4.230000019073486
2025-06-16,10:15:00,4.369999885559082,4.389999866485596,4.369999885559082,4.389999866485596
2025-06-16,10:30:00,4.369999885559082,4.389999866485596,4.369999885559082,4.389999866485596
2025-06-16,10:45:00,4.369999885559082,4.369999885559082,4.320000171661377,4.320000171661377
2025-06-16,11:00:00,4.360000133514404,4.360000133514404,4.360000133514404,4.360000133514404
2025-06-16,11:15:00,4.360000133514404,4.360000133514404,4.360000133514404,4.360000133514404
2025-06-16,11:30:00,4.360000133514404,4.360000133514404,4.320000171661377,4.360000133514404
2025-06-16,12:00:00,4.360000133514404,4.360000133514404,4.360000133514404,4.360000133514404
2025-06-16,12:15:00,4.360000133514404,4.369999885559082,4.360000133514404,4.369999885559082
2025-06-16,12:30:00,4.369999885559082,4.400000095367432,4.360000133514404,4.400000095367432
2025-06-16,12:45:00,4.400000095367432,4.400000095367432,4.389999866485596,4.389999866485596
2025-06-16,13:00:00,4.389999866485596,4.389999866485596,4.369999885559082,4.389999866485596
2025-06-16,13:15:00,4.389999866485596,4.389999866485596,4.389999866485596,4.389999866485596
2025-06-16,13:30:00,4.369999885559082,4.380000114440918,4.21999979019165,4.380000114440918
2025-06-16,13:45:00,4.380000114440918,4.380000114440918,4.380000114440918,4.380000114440918
2025-06-16,14:00:00,4.360000133514404,4.380000114440918,4.349999904632568,4.380000114440918
2025-06-16,14:30:00,4.380000114440918,4.380000114440918,4.260000228881836,4.260000228881836
2025-06-16,14:45:00,4.369999885559082,4.369999885559082,4.260000228881836,4.260000228881836
2025-06-16,15:00:00,4.28000020980835,4.340000152587891,4.28000020980835,4.340000152587891
2025-06-16,15:15:00,4.28000020980835,4.340000152587891,4.28000020980835,4.309999942779541
2025-06-17,09:15:00,4.329999923706055,4.329999923706055,4.309999942779541,4.309999942779541
2025-06-17,09:30:00,4.309999942779541,4.309999942779541,4.110000133514404,4.309999942779541
2025-06-17,09:45:00,4.309999942779541,4.309999942779541,4.090000152587891,4.289999961853027
2025-06-17,10:00:00,4.289999961853027,4.289999961853027,4.130000114440918,4.139999866485596
2025-06-17,10:15:00,4.289999961853027,4.289999961853027,4.289999961853027,4.289999961853027
2025-06-17,10:30:00,4.289999961853027,4.289999961853027,4.289999961853027,4.289999961853027
2025-06-17,10:45:00,4.289999961853027,4.289999961853027,4.199999809265137,4.199999809265137
2025-06-17,11:00:00,4.289999961853027,4.289999961853027,4.289999961853027,4.289999961853027
2025-06-17,11:15:00,4.289999961853027,4.289999961853027,4.289999961853027,4.289999961853027
2025-06-17,11:30:00,4.289999961853027,4.289999961853027,4.139999866485596,4.139999866485596
2025-06-17,11:45:00,4.289999961853027,4.289999961853027,4.170000076293945,4.289999961853027
2025-06-17,12:00:00,4.289999961853027,4.289999961853027,4.289999961853027,4.289999961853027
2025-06-17,12:15:00,4.25,4.289999961853027,4.25,4.289999961853027
2025-06-17,12:30:00,4.289999961853027,4.289999961853027,4.289999961853027,4.289999961853027
2025-06-17,12:45:00,4.289999961853027,4.289999961853027,4.210000038146973,4.210000038146973
2025-06-17,13:00:00,4.289999961853027,4.289999961853027,4.289999961853027,4.289999961853027
2025-06-17,13:15:00,4.289999961853027,4.289999961853027,4.25,4.25
2025-06-17,13:30:00,4.25,4.25,4.25,4.25
2025-06-17,13:45:00,4.170000076293945,4.25,4.170000076293945,4.25
2025-06-17,14:00:00,4.25,4.289999961853027,4.25,4.289999961853027
2025-06-17,14:15:00,4.289999961853027,4.289999961853027,4.289999961853027,4.289999961853027
2025-06-17,14:30:00,4.289999961853027,4.289999961853027,4.289999961853027,4.289999961853027
2025-06-17,14:45:00,4.28000020980835,4.28000020980835,4.190000057220459,4.190000057220459
2025-06-17,15:00:00,4.28000020980835,4.28000020980835,4.260000228881836,4.260000228881836
2025-06-17,15:15:00,4.28000020980835,4.28000020980835,4.269999980926514,4.269999980926514
2025-06-18,09:15:00,4.269999980926514,4.269999980926514,4.179999828338623,4.179999828338623
2025-06-18,09:30:00,4.179999828338623,4.199999809265137,4.159999847412109,4.159999847412109
2025-06-18,09:45:00,4.199999809265137,4.199999809265137,4.199999809265137,4.199999809265137
2025-06-18,10:00:00,4.21999979019165,4.21999979019165,4.199999809265137,4.21999979019165
2025-06-18,10:15:00,4.199999809265137,4.21999979019165,4.199999809265137,4.199999809265137
2025-06-18,10:30:00,4.199999809265137,4.199999809265137,4.159999847412109,4.159999847412109
2025-06-18,10:45:00,4.159999847412109,4.21999979019165,4.159999847412109,4.159999847412109
2025-06-18,11:00:00,4.199999809265137,4.21999979019165,4.199999809265137,4.21999979019165
2025-06-18,11:15:00,4.21999979019165,4.21999979019165,4.21999979019165,4.21999979019165
2025-06-18,11:30:00,4.21999979019165,4.21999979019165,4.21999979019165,4.21999979019165
2025-06-18,11:45:00,4.21999979019165,4.21999979019165,4.199999809265137,4.21999979019165
2025-06-18,12:00:00,4.21999979019165,4.21999979019165,4.199999809265137,4.199999809265137
2025-06-18,12:15:00,4.21999979019165,4.21999979019165,4.21999979019165,4.21999979019165
2025-06-18,12:30:00,4.199999809265137,4.21999979019165,4.199999809265137,4.21999979019165
2025-06-18,12:45:00,4.21999979019165,4.21999979019165,4.199999809265137,4.21999979019165
2025-06-18,13:15:00,4.21999979019165,4.21999979019165,4.159999847412109,4.159999847412109
2025-06-18,13:45:00,4.159999847412109,4.199999809265137,4.159999847412109,4.199999809265137
2025-06-18,14:00:00,4.199999809265137,4.199999809265137,4.199999809265137,4.199999809265137
2025-06-18,14:15:00,4.199999809265137,4.199999809265137,4.199999809265137,4.199999809265137
2025-06-18,14:30:00,4.199999809265137,4.199999809265137,4.199999809265137,4.199999809265137
2025-06-18,14:45:00,4.199999809265137,4.199999809265137,4.199999809265137,4.199999809265137
2025-06-18,15:00:00,4.199999809265137,4.199999809265137,4.159999847412109,4.199999809265137
2025-06-18,15:15:00,4.199999809265137,4.199999809265137,4.190000057220459,4.190000057220459
2025-06-19,09:15:00,4.199999809265137,4.199999809265137,4.199999809265137,4.199999809265137
2025-06-19,09:30:00,4.199999809265137,4.199999809265137,4.199999809265137,4.199999809265137
2025-06-19,09:45:00,4.190000057220459,4.199999809265137,4.190000057220459,4.190000057220459
2025-06-19,10:00:00,4.199999809265137,4.199999809265137,4.099999904632568,4.099999904632568
2025-06-19,10:15:00,4.190000057220459,4.190000057220459,4.190000057220459,4.190000057220459
2025-06-19,10:30:00,4.190000057220459,4.190000057220459,4.190000057220459,4.190000057220459
2025-06-19,10:45:00,4.159999847412109,4.159999847412109,4.159999847412109,4.159999847412109
2025-06-19,11:00:00,4.150000095367432,4.150000095367432,4.150000095367432,4.150000095367432
2025-06-19,11:15:00,4.150000095367432,4.150000095367432,4.150000095367432,4.150000095367432
2025-06-19,11:30:00,4.150000095367432,4.150000095367432,4.110000133514404,4.150000095367432
2025-06-19,12:00:00,4.150000095367432,4.150000095367432,4.150000095367432,4.150000095367432
2025-06-19,12:15:00,4.150000095367432,4.150000095367432,4.150000095367432,4.150000095367432
2025-06-19,12:30:00,4.139999866485596,4.139999866485596,4.119999885559082,4.119999885559082
2025-06-19,12:45:00,4.099999904632568,4.150000095367432,4.099999904632568,4.150000095367432
2025-06-19,13:00:00,4.150000095367432,4.150000095367432,4.099999904632568,4.099999904632568
2025-06-19,13:15:00,4.099999904632568,4.150000095367432,4.099999904632568,4.150000095367432
2025-06-19,13:30:00,4.150000095367432,4.150000095367432,4.079999923706055,4.119999885559082
2025-06-19,13:45:00,4.119999885559082,4.130000114440918,4.119999885559082,4.130000114440918
2025-06-19,14:00:00,4.130000114440918,4.130000114440918,4.130000114440918,4.130000114440918
2025-06-19,14:15:00,4.130000114440918,4.130000114440918,4.130000114440918,4.130000114440918
2025-06-19,14:30:00,4.130000114440918,4.130000114440918,4.130000114440918,4.130000114440918
2025-06-19,14:45:00,4.130000114440918,4.130000114440918,4.130000114440918,4.130000114440918
2025-06-19,15:00:00,4.130000114440918,4.130000114440918,4.119999885559082,4.119999885559082
2025-06-19,15:15:00,4.119999885559082,4.130000114440918,4.119999885559082,4.119999885559082
2025-06-20,09:15:00,4.300000190734863,4.300000190734863,4.119999885559082,4.130000114440918
2025-06-20,09:30:00,4.130000114440918,4.28000020980835,4.130000114440918,4.239999771118164
2025-06-20,09:45:00,4.239999771118164,4.239999771118164,4.139999866485596,4.239999771118164
2025-06-20,10:00:00,4.239999771118164,4.239999771118164,4.139999866485596,4.230000019073486
2025-06-20,10:30:00,4.150000095367432,4.230000019073486,4.150000095367432,4.230000019073486
2025-06-20,10:45:00,4.21999979019165,4.21999979019165,4.21999979019165,4.21999979019165
2025-06-20,11:00:00,4.230000019073486,4.230000019073486,4.190000057220459,4.190000057220459
2025-06-20,11:15:00,4.190000057220459,4.190000057220459,4.190000057220459,4.190000057220459
2025-06-20,11:30:00,4.190000057220459,4.190000057220459,4.190000057220459,4.190000057220459
2025-06-20,12:00:00,4.190000057220459,4.190000057220459,4.190000057220459,4.190000057220459
2025-06-20,12:15:00,4.190000057220459,4.190000057220459,4.190000057220459,4.190000057220459
2025-06-20,12:30:00,4.190000057220459,4.190000057220459,4.190000057220459,4.190000057220459
2025-06-20,12:45:00,4.179999828338623,4.190000057220459,4.159999847412109,4.159999847412109
2025-06-20,13:15:00,4.159999847412109,4.159999847412109,4.159999847412109,4.159999847412109
2025-06-20,13:30:00,4.190000057220459,4.190000057220459,4.190000057220459,4.190000057220459
2025-06-20,13:45:00,4.190000057220459,4.190000057220459,4.170000076293945,4.170000076293945
2025-06-20,14:00:00,4.170000076293945,4.170000076293945,4.170000076293945,4.170000076293945
2025-06-20,14:15:00,4.179999828338623,4.179999828338623,4.179999828338623,4.179999828338623
2025-06-20,14:30:00,4.179999828338623,4.179999828338623,4.179999828338623,4.179999828338623
2025-06-20,14:45:00,4.179999828338623,4.179999828338623,4.179999828338623,4.179999828338623
2025-06-20,15:00:00,4.179999828338623,4.179999828338623,4.170000076293945,4.179999828338623
2025-06-20,15:15:00,4.179999828338623,4.179999828338623,4.119999885559082,4.150000095367432
2025-06-23,09:15:00,4.289999961853027,4.289999961853027,4.25,4.25
2025-06-23,09:30:00,4.230000019073486,4.230000019073486,4.150000095367432,4.150000095367432
2025-06-23,09:45:00,4.150000095367432,4.150000095367432,4.150000095367432,4.150000095367432
2025-06-23,10:00:00,4.150000095367432,4.150000095367432,4.150000095367432,4.150000095367432
2025-06-23,10:15:00,4.150000095367432,4.230000019073486,4.150000095367432,4.230000019073486
2025-06-23,10:30:00,4.21999979019165,4.21999979019165,4.21999979019165,4.21999979019165
2025-06-23,10:45:00,4.159999847412109,4.269999980926514,4.159999847412109,4.269999980926514
2025-06-23,11:00:00,4.260000228881836,4.260000228881836,4.159999847412109,4.159999847412109
2025-06-23,11:15:00,4.260000228881836,4.260000228881836,4.260000228881836,4.260000228881836
2025-06-23,11:30:00,4.150000095367432,4.239999771118164,4.150000095367432,4.239999771118164
2025-06-23,11:45:00,4.239999771118164,4.239999771118164,4.239999771118164,4.239999771118164
2025-06-23,12:00:00,4.239999771118164,4.239999771118164,4.239999771118164,4.239999771118164
2025-06-23,12:15:00,4.25,4.269999980926514,4.25,4.269999980926514
2025-06-23,12:30:00,4.25,4.289999961853027,4.25,4.289999961853027
2025-06-23,12:45:00,4.28000020980835,4.28000020980835,4.28000020980835,4.28000020980835
2025-06-23,13:00:00,4.260000228881836,4.260000228881836,4.260000228881836,4.260000228881836
2025-06-23,13:15:00,4.28000020980835,4.28000020980835,4.28000020980835,4.28000020980835
2025-06-23,13:30:00,4.25,4.25,4.25,4.25
2025-06-23,13:45:00,4.25,4.25,4.25,4.25
2025-06-23,14:00:00,4.179999828338623,4.289999961853027,4.179999828338623,4.289999961853027
2025-06-23,14:15:00,4.289999961853027,4.289999961853027,4.289999961853027,4.289999961853027
2025-06-23,14:30:00,4.269999980926514,4.289999961853027,4.269999980926514,4.289999961853027
2025-06-23,14:45:00,4.25,4.25,4.25,4.25
2025-06-23,15:00:00,4.269999980926514,4.289999961853027,4.25,4.25
2025-06-23,15:15:00,4.25,4.289999961853027,4.25,4.25
2025-06-24,09:15:00,4.170000076293945,4.349999904632568,4.170000076293945,4.349999904632568
2025-06-24,09:30:00,4.349999904632568,4.349999904632568,4.199999809265137,4.349999904632568
2025-06-24,09:45:00,4.210000038146973,4.349999904632568,4.150000095367432,4.349999904632568
2025-06-24,10:00:00,4.349999904632568,4.349999904632568,4.25,4.25
2025-06-24,10:15:00,4.25,4.25,4.179999828338623,4.25
2025-06-24,10:30:00,4.25,4.25,4.25,4.25
2025-06-24,10:45:00,4.199999809265137,4.199999809265137,4.199999809265137,4.199999809265137
2025-06-24,11:00:00,4.179999828338623,4.179999828338623,4.179999828338623,4.179999828338623
2025-06-24,11:15:00,4.25,4.300000190734863,4.25,4.300000190734863
2025-06-24,11:30:00,4.300000190734863,4.300000190734863,4.25,4.300000190734863
2025-06-24,11:45:00,4.300000190734863,4.300000190734863,4.25,4.300000190734863
2025-06-24,12:00:00,4.25,4.25,4.25,4.25
2025-06-24,12:15:00,4.25,4.300000190734863,4.25,4.300000190734863
2025-06-24,12:30:00,4.210000038146973,4.300000190734863,4.210000038146973,4.300000190734863
2025-06-24,12:45:00,4.289999961853027,4.289999961853027,4.289999961853027,4.289999961853027
2025-06-24,13:00:00,4.210000038146973,4.210000038146973,4.210000038146973,4.210000038146973
2025-06-24,13:15:00,4.230000019073486,4.230000019073486,4.230000019073486,4.230000019073486
2025-06-24,13:30:00,4.289999961853027,4.289999961853027,4.289999961853027,4.289999961853027
2025-06-24,13:45:00,4.289999961853027,4.289999961853027,4.289999961853027,4.289999961853027
2025-06-24,14:00:00,4.25,4.25,4.230000019073486,4.230000019073486
2025-06-24,14:45:00,4.289999961853027,4.289999961853027,4.289999961853027,4.289999961853027
2025-06-24,15:00:00,4.25,4.25,4.25,4.25
2025-06-24,15:15:00,4.289999961853027,4.289999961853027,4.28000020980835,4.28000020980835
2025-06-25,09:15:00,4.349999904632568,4.349999904632568,4.300000190734863,4.300000190734863
2025-06-25,09:30:00,4.300000190734863,4.300000190734863,4.28000020980835,4.28000020980835
2025-06-25,09:45:00,4.300000190734863,4.300000190734863,4.28000020980835,4.300000190734863
2025-06-25,10:15:00,4.300000190734863,4.300000190734863,4.269999980926514,4.269999980926514
2025-06-25,10:30:00,4.269999980926514,4.269999980926514,4.199999809265137,4.199999809265137
2025-06-25,10:45:00,4.21999979019165,4.300000190734863,4.21999979019165,4.21999979019165
2025-06-25,11:00:00,4.289999961853027,4.289999961853027,4.289999961853027,4.289999961853027
2025-06-25,11:15:00,4.289999961853027,4.289999961853027,4.289999961853027,4.289999961853027
2025-06-25,11:30:00,4.289999961853027,4.289999961853027,4.25,4.25
2025-06-25,11:45:00,4.230000019073486,4.289999961853027,4.230000019073486,4.289999961853027
2025-06-25,12:00:00,4.289999961853027,4.289999961853027,4.21999979019165,4.289999961853027
2025-06-25,12:15:00,4.289999961853027,4.289999961853027,4.25,4.25
2025-06-25,12:30:00,4.239999771118164,4.289999961853027,4.210000038146973,4.210000038146973
2025-06-25,12:45:00,4.239999771118164,4.239999771118164,4.239999771118164,4.239999771118164
2025-06-25,13:00:00,4.289999961853027,4.349999904632568,4.239999771118164,4.320000171661377
2025-06-25,13:15:00,4.349999904632568,4.349999904632568,4.21999979019165,4.21999979019165
2025-06-25,13:30:00,4.349999904632568,4.349999904632568,4.230000019073486,4.349999904632568
2025-06-25,13:45:00,4.239999771118164,4.239999771118164,4.239999771118164,4.239999771118164
2025-06-25,14:00:00,4.300000190734863,4.300000190734863,4.300000190734863,4.300000190734863
2025-06-25,14:15:00,4.239999771118164,4.340000152587891,4.239999771118164,4.340000152587891
2025-06-25,14:30:00,4.329999923706055,4.349999904632568,4.300000190734863,4.349999904632568
2025-06-25,14:45:00,4.260000228881836,4.260000228881836,4.25,4.25
2025-06-25,15:00:00,4.340000152587891,4.340000152587891,4.320000171661377,4.340000152587891
2025-06-25,15:15:00,4.340000152587891,4.400000095367432,4.340000152587891,4.340000152587891
2025-06-26,09:15:00,4.400000095367432,4.400000095367432,4.400000095367432,4.400000095367432
2025-06-26,09:30:00,4.400000095367432,4.400000095367432,4.300000190734863,4.300000190734863
2025-06-26,09:45:00,4.400000095367432,4.400000095367432,4.25,4.25
2025-06-26,10:00:00,4.389999866485596,4.489999771118164,4.389999866485596,4.489999771118164
2025-06-26,10:15:00,4.489999771118164,4.489999771118164,4.269999980926514,4.300000190734863
2025-06-26,10:45:00,4.320000171661377,4.46999979019165,4.300000190734863,4.46999979019165
2025-06-26,11:00:00,4.46999979019165,4.46999979019165,4.440000057220459,4.440000057220459
2025-06-26,11:15:00,4.440000057220459,4.440000057220459,4.300000190734863,4.300000190734863
2025-06-26,11:30:00,4.440000057220459,4.440000057220459,4.420000076293945,4.420000076293945
2025-06-26,11:45:00,4.420000076293945,4.440000057220459,4.309999942779541,4.309999942779541
2025-06-26,12:00:00,4.320000171661377,4.320000171661377,4.320000171661377,4.320000171661377
2025-06-26,12:30:00,4.329999923706055,4.329999923706055,4.329999923706055,4.329999923706055
2025-06-26,12:45:00,4.329999923706055,4.329999923706055,4.329999923706055,4.329999923706055
2025-06-26,13:00:00,4.400000095367432,4.400000095367432,4.400000095367432,4.400000095367432
2025-06-26,13:15:00,4.400000095367432,4.400000095367432,4.400000095367432,4.400000095367432
2025-06-26,13:30:00,4.400000095367432,4.400000095367432,4.400000095367432,4.400000095367432
2025-06-26,13:45:00,4.389999866485596,4.389999866485596,4.349999904632568,4.349999904632568
2025-06-26,14:00:00,4.349999904632568,4.389999866485596,4.349999904632568,4.389999866485596
2025-06-26,14:15:00,4.300000190734863,4.300000190734863,4.25,4.260000228881836
2025-06-26,14:30:00,4.28000020980835,4.389999866485596,4.28000020980835,4.389999866485596
2025-06-26,14:45:00,4.369999885559082,4.369999885559082,4.369999885559082,4.369999885559082
2025-06-26,15:00:00,4.300000190734863,4.300000190734863,4.300000190734863,4.300000190734863
2025-06-26,15:15:00,4.329999923706055,4.349999904632568,4.329999923706055,4.340000152587891
2025-06-27,09:15:00,4.46999979019165,4.46999979019165,4.420000076293945,4.420000076293945
2025-06-27,09:30:00,4.400000095367432,4.420000076293945,4.340000152587891,4.420000076293945
2025-06-27,09:45:00,4.400000095367432,4.440000057220459,4.400000095367432,4.440000057220459
2025-06-27,10:00:00,4.440000057220459,4.440000057220459,4.440000057220459,4.440000057220459
2025-06-27,10:15:00,4.429999828338623,4.429999828338623,4.429999828338623,4.429999828338623
2025-06-27,10:30:00,4.429999828338623,4.429999828338623,4.420000076293945,4.429999828338623
2025-06-27,10:45:00,4.429999828338623,4.440000057220459,4.429999828338623,4.440000057220459
2025-06-27,11:00:00,4.440000057220459,4.440000057220459,4.440000057220459,4.440000057220459
2025-06-27,11:15:00,4.440000057220459,4.449999809265137,4.440000057220459,4.449999809265137
2025-06-27,11:30:00,4.440000057220459,4.440000057220459,4.429999828338623,4.429999828338623
2025-06-27,11:45:00,4.429999828338623,4.440000057220459,4.380000114440918,4.440000057220459
2025-06-27,12:00:00,4.440000057220459,4.440000057220459,4.420000076293945,4.440000057220459
2025-06-27,12:15:00,4.440000057220459,4.440000057220459,4.320000171661377,4.320000171661377
2025-06-27,12:30:00,4.320000171661377,4.320000171661377,4.309999942779541,4.309999942779541
2025-06-27,13:00:00,4.320000171661377,4.320000171661377,4.320000171661377,4.320000171661377
2025-06-27,13:15:00,4.329999923706055,4.340000152587891,4.329999923706055,4.340000152587891
2025-06-27,13:30:00,4.340000152587891,4.429999828338623,4.320000171661377,4.429999828338623
2025-06-27,14:00:00,4.429999828338623,4.429999828338623,4.340000152587891,4.340000152587891
2025-06-27,14:15:00,4.429999828338623,4.429999828338623,4.429999828338623,4.429999828338623
2025-06-27,14:30:00,4.429999828338623,4.429999828338623,4.429999828338623,4.429999828338623
2025-06-27,14:45:00,4.429999828338623,4.429999828338623,4.429999828338623,4.429999828338623
2025-06-27,15:00:00,4.420000076293945,4.429999828338623,4.400000095367432,4.429999828338623
2025-06-27,15:15:00,4.429999828338623,4.429999828338623,4.409999847412109,4.409999847412109
2025-06-30,09:15:00,4.599999904632568,5.289999961853027,4.599999904632568,5.289999961853027
2025-06-30,09:30:00,5.289999961853027,5.289999961853027,5.289999961853027,5.289999961853027
2025-06-30,09:45:00,5.289999961853027,5.289999961853027,5.289999961853027,5.289999961853027
2025-06-30,10:00:00,5.289999961853027,5.289999961853027,5.289999961853027,5.289999961853027
2025-06-30,10:15:00,5.289999961853027,5.289999961853027,5.289999961853027,5.289999961853027
2025-06-30,10:30:00,5.289999961853027,5.289999961853027,5.289999961853027,5.289999961853027
2025-06-30,10:45:00,5.289999961853027,5.289999961853027,5.289999961853027,5.289999961853027
2025-06-30,11:00:00,5.289999961853027,5.289999961853027,5.289999961853027,5.289999961853027
2025-06-30,11:15:00,5.289999961853027,5.289999961853027,5.289999961853027,5.289999961853027
2025-06-30,11:30:00,5.289999961853027,5.289999961853027,5.289999961853027,5.289999961853027
2025-06-30,11:45:00,5.289999961853027,5.289999961853027,5.289999961853027,5.289999961853027
2025-06-30,12:00:00,5.289999961853027,5.289999961853027,5.289999961853027,5.289999961853027
2025-06-30,12:15:00,5.289999961853027,5.289999961853027,5.289999961853027,5.289999961853027
2025-06-30,12:30:00,5.289999961853027,5.289999961853027,5.289999961853027,5.289999961853027
2025-06-30,12:45:00,5.289999961853027,5.289999961853027,5.289999961853027,5.289999961853027
2025-06-30,13:00:00,5.289999961853027,5.289999961853027,5.289999961853027,5.289999961853027
2025-06-30,13:15:00,5.289999961853027,5.289999961853027,5.289999961853027,5.289999961853027
2025-06-30,13:30:00,5.289999961853027,5.289999961853027,5.289999961853027,5.289999961853027
2025-06-30,13:45:00,5.289999961853027,5.289999961853027,5.289999961853027,5.289999961853027
2025-06-30,14:00:00,5.289999961853027,5.289999961853027,5.289999961853027,5.289999961853027
2025-06-30,14:15:00,5.289999961853027,5.289999961853027,5.289999961853027,5.289999961853027
2025-06-30,14:30:00,5.289999961853027,5.289999961853027,5.289999961853027,5.289999961853027
2025-06-30,14:45:00,5.289999961853027,5.289999961853027,5.289999961853027,5.289999961853027
2025-06-30,15:00:00,5.289999961853027,5.289999961853027,5.289999961853027,5.289999961853027
2025-06-30,15:15:00,5.289999961853027,5.289999961853027,5.289999961853027,5.289999961853027
2025-07-01,09:15:00,6.150000095367432,6.269999980926514,6.059999942779541,6.130000114440918
2025-07-01,09:30:00,6.130000114440918,6.269999980926514,6.050000190734863,6.150000095367432
2025-07-01,09:45:00,6.139999866485596,6.179999828338623,6.119999885559082,6.130000114440918
2025-07-01,10:00:00,6.130000114440918,6.159999847412109,6.090000152587891,6.159999847412109
2025-07-01,10:15:00,6.159999847412109,6.25,6.150000095367432,6.25
2025-07-01,10:30:00,6.25,6.260000228881836,6.199999809265137,6.239999771118164
2025-07-01,10:45:00,6.239999771118164,6.239999771118164,6.21999979019165,6.239999771118164
2025-07-01,11:00:00,6.239999771118164,6.25,6.110000133514404,6.139999866485596
2025-07-01,11:15:00,6.130000114440918,6.210000038146973,6.119999885559082,6.199999809265137
2025-07-01,11:30:00,6.210000038146973,6.210000038146973,6.150000095367432,6.179999828338623
2025-07-01,11:45:00,6.199999809265137,6.25,6.159999847412109,6.25
2025-07-01,12:00:00,6.25,6.260000228881836,6.170000076293945,6.210000038146973
2025-07-01,12:15:00,6.179999828338623,6.239999771118164,6.179999828338623,6.21999979019165
2025-07-01,12:30:00,6.21999979019165,6.25,6.21999979019165,6.239999771118164
2025-07-01,12:45:00,6.239999771118164,6.340000152587891,6.230000019073486,6.300000190734863
2025-07-01,13:00:00,6.28000020980835,6.28000020980835,6.059999942779541,6.139999866485596
2025-07-01,13:15:00,6.139999866485596,6.210000038146973,6.079999923706055,6.199999809265137
2025-07-01,13:30:00,6.199999809265137,6.210000038146973,6.139999866485596,6.199999809265137
2025-07-01,13:45:00,6.199999809265137,6.260000228881836,6.150000095367432,6.260000228881836
2025-07-01,14:00:00,6.269999980926514,6.28000020980835,6.230000019073486,6.230000019073486
2025-07-01,14:15:00,6.25,6.25,6.150000095367432,6.199999809265137
2025-07-01,14:30:00,6.179999828338623,6.260000228881836,6.159999847412109,6.260000228881836
2025-07-01,14:45:00,6.260000228881836,6.260000228881836,6.199999809265137,6.239999771118164
2025-07-01,15:00:00,6.239999771118164,6.300000190734863,6.210000038146973,6.289999961853027
2025-07-01,15:15:00,6.300000190734863,6.340000152587891,6.300000190734863,6.340000152587891
2025-07-02,09:15:00,6.300000190734863,6.300000190734863,5.849999904632568,5.940000057220459
2025-07-02,09:30:00,5.940000057220459,6.019999980926514,5.900000095367432,5.909999847412109
2025-07-02,09:45:00,5.949999809265137,5.96999979019165,5.900000095367432,5.900000095367432
2025-07-02,10:00:00,5.900000095367432,5.929999828338623,5.670000076293945,5.739999771118164
2025-07-02,10:15:00,5.739999771118164,5.840000152587891,5.71999979019165,5.78000020980835
2025-07-02,10:30:00,5.75,5.900000095367432,5.75,5.880000114440918
2025-07-02,10:45:00,5.869999885559082,5.920000076293945,5.829999923706055,5.869999885559082
2025-07-02,11:00:00,5.869999885559082,5.869999885559082,5.789999961853027,5.840000152587891
2025-07-02,11:15:00,5.820000171661377,5.840000152587891,5.739999771118164,5.840000152587891
2025-07-02,11:30:00,5.809999942779541,5.840000152587891,5.809999942779541,5.829999923706055
2025-07-02,11:45:00,5.820000171661377,5.840000152587891,5.789999961853027,5.840000152587891
2025-07-02,12:00:00,5.840000152587891,5.840000152587891,5.789999961853027,5.789999961853027
2025-07-02,12:15:00,5.800000190734863,5.820000171661377,5.800000190734863,5.820000171661377
2025-07-02,12:30:00,5.809999942779541,5.820000171661377,5.800000190734863,5.820000171661377
2025-07-02,12:45:00,5.820000171661377,5.820000171661377,5.789999961853027,5.809999942779541
2025-07-02,13:00:00,5.809999942779541,5.820000171661377,5.789999961853027,5.800000190734863
2025-07-02,13:15:00,5.809999942779541,5.869999885559082,5.809999942779541,5.829999923706055
2025-07-02,13:30:00,5.829999923706055,5.860000133514404,5.820000171661377,5.829999923706055
2025-07-02,13:45:00,5.829999923706055,5.829999923706055,5.769999980926514,5.78000020980835
2025-07-02,14:00:00,5.800000190734863,5.800000190734863,5.78000020980835,5.800000190734863
2025-07-02,14:15:00,5.800000190734863,5.800000190734863,5.789999961853027,5.800000190734863
2025-07-02,14:30:00,5.800000190734863,5.800000190734863,5.75,5.789999961853027
2025-07-02,14:45:00,5.800000190734863,5.800000190734863,5.75,5.800000190734863
2025-07-02,15:00:00,5.800000190734863,5.829999923706055,5.75,5.829999923706055
2025-07-02,15:15:00,5.860000133514404,5.889999866485596,5.829999923706055,5.840000152587891
2025-07-03,09:15:00,5.840000152587891,5.980000019073486,5.599999904632568,5.599999904632568
2025-07-03,09:30:00,5.690000057220459,5.690000057220459,5.400000095367432,5.690000057220459
2025-07-03,09:45:00,5.639999866485596,5.71999979019165,5.610000133514404,5.699999809265137
2025-07-03,10:00:00,5.710000038146973,5.710000038146973,5.650000095367432,5.699999809265137
2025-07-03,10:15:00,5.690000057220459,5.949999809265137,5.690000057220459,5.860000133514404
2025-07-03,10:30:00,5.860000133514404,5.929999828338623,5.849999904632568,5.900000095367432
2025-07-03,10:45:00,5.889999866485596,5.900000095367432,5.829999923706055,5.900000095367432
2025-07-03,11:00:00,5.900000095367432,5.940000057220459,5.849999904632568,5.920000076293945
2025-07-03,11:15:00,5.920000076293945,5.920000076293945,5.869999885559082,5.869999885559082
2025-07-03,11:30:00,5.900000095367432,5.900000095367432,5.880000114440918,5.889999866485596
2025-07-03,11:45:00,5.889999866485596,5.889999866485596,5.860000133514404,5.860000133514404
2025-07-03,12:00:00,5.860000133514404,5.869999885559082,5.829999923706055,5.840000152587891
2025-07-03,12:15:00,5.860000133514404,5.860000133514404,5.809999942779541,5.840000152587891
2025-07-03,12:30:00,5.840000152587891,5.869999885559082,5.809999942779541,5.820000171661377
2025-07-03,12:45:00,5.849999904632568,5.849999904632568,5.840000152587891,5.840000152587891
2025-07-03,13:00:00,5.820000171661377,5.840000152587891,5.809999942779541,5.840000152587891
2025-07-03,13:15:00,5.840000152587891,5.840000152587891,5.840000152587891,5.840000152587891
2025-07-03,13:30:00,5.840000152587891,5.880000114440918,5.820000171661377,5.849999904632568
2025-07-03,13:45:00,5.849999904632568,5.849999904632568,5.809999942779541,5.840000152587891
2025-07-03,14:00:00,5.829999923706055,5.829999923706055,5.739999771118164,5.739999771118164
2025-07-03,14:15:00,5.71999979019165,5.71999979019165,5.639999866485596,5.639999866485596
2025-07-03,14:30:00,5.650000095367432,5.650000095367432,5.619999885559082,5.619999885559082
2025-07-03,14:45:00,5.619999885559082,5.699999809265137,5.619999885559082,5.699999809265137
2025-07-03,15:00:00,5.650000095367432,5.699999809265137,5.639999866485596,5.670000076293945
2025-07-03,15:15:00,5.650000095367432,5.659999847412109,5.519999980926514,5.630000114440918
2025-07-04,09:15:00,5.639999866485596,5.789999961853027,5.639999866485596,5.75
2025-07-04,09:30:00,5.800000190734863,5.829999923706055,5.670000076293945,5.670000076293945
2025-07-04,09:45:00,5.739999771118164,5.739999771118164,5.650000095367432,5.650000095367432
2025-07-04,10:00:00,5.699999809265137,5.730000019073486,5.650000095367432,5.730000019073486
2025-07-04,10:15:00,5.739999771118164,5.800000190734863,5.71999979019165,5.71999979019165
2025-07-04,10:30:00,5.78000020980835,5.78000020980835,5.710000038146973,5.710000038146973
2025-07-04,10:45:00,5.699999809265137,5.75,5.670000076293945,5.730000019073486
2025-07-04,11:00:00,5.730000019073486,5.730000019073486,5.610000133514404,5.679999828338623
2025-07-04,11:15:00,5.679999828338623,5.679999828338623,5.630000114440918,5.659999847412109
2025-07-04,11:30:00,5.619999885559082,5.659999847412109,5.550000190734863,5.639999866485596
2025-07-04,11:45:00,5.610000133514404,5.75,5.519999980926514,5.650000095367432
2025-07-04,12:00:00,5.650000095367432,5.650000095367432,5.559999942779541,5.570000171661377
2025-07-04,12:15:00,5.570000171661377,5.639999866485596,5.570000171661377,5.630000114440918
2025-07-04,12:30:00,5.630000114440918,5.670000076293945,5.599999904632568,5.639999866485596
2025-07-04,12:45:00,5.630000114440918,5.639999866485596,5.599999904632568,5.599999904632568
2025-07-04,13:00:00,5.599999904632568,5.639999866485596,5.559999942779541,5.570000171661377
2025-07-04,13:15:00,5.630000114440918,5.630000114440918,5.630000114440918,5.630000114440918
2025-07-04,13:30:00,5.579999923706055,5.619999885559082,5.579999923706055,5.619999885559082
2025-07-04,13:45:00,5.590000152587891,5.630000114440918,5.590000152587891,5.630000114440918
2025-07-04,14:00:00,5.639999866485596,5.639999866485596,5.590000152587891,5.590000152587891
2025-07-04,14:15:00,5.639999866485596,5.639999866485596,5.579999923706055,5.619999885559082
2025-07-04,14:30:00,5.579999923706055,5.619999885559082,5.579999923706055,5.599999904632568
2025-07-04,14:45:00,5.599999904632568,5.619999885559082,5.599999904632568,5.619999885559082
2025-07-04,15:00:00,5.619999885559082,5.630000114440918,5.579999923706055,5.579999923706055
2025-07-04,15:15:00,5.570000171661377,5.650000095367432,5.260000228881836,5.480000019073486
2025-07-07,09:15:00,5.480000019073486,5.619999885559082,5.480000019073486,5.599999904632568
2025-07-07,09:30:00,5.539999961853027,5.550000190734863,5.449999809265137,5.519999980926514
2025-07-07,09:45:00,5.510000228881836,5.550000190734863,5.28000020980835,5.400000095367432
2025-07-07,10:00:00,5.480000019073486,5.480000019073486,5.400000095367432,5.46999979019165
2025-07-07,10:15:00,5.46999979019165,5.46999979019165,5.300000190734863,5.389999866485596
2025-07-07,10:30:00,5.349999904632568,5.380000114440918,5.349999904632568,5.380000114440918
2025-07-07,10:45:00,5.420000076293945,5.420000076293945,5.320000171661377,5.349999904632568
2025-07-07,11:00:00,5.369999885559082,5.369999885559082,5.28000020980835,5.320000171661377
2025-07-07,11:15:00,5.320000171661377,5.360000133514404,5.289999961853027,5.349999904632568
2025-07-07,11:30:00,5.340000152587891,5.409999847412109,5.340000152587891,5.389999866485596
2025-07-07,11:45:00,5.389999866485596,5.389999866485596,5.349999904632568,5.389999866485596
2025-07-07,12:00:00,5.380000114440918,5.380000114440918,5.329999923706055,5.369999885559082
2025-07-07,12:15:00,5.369999885559082,5.369999885559082,5.329999923706055,5.349999904632568
2025-07-07,12:30:00,5.349999904632568,5.349999904632568,5.329999923706055,5.340000152587891
2025-07-07,12:45:00,5.329999923706055,5.349999904632568,5.300000190734863,5.300000190734863
2025-07-07,13:00:00,5.289999961853027,5.349999904632568,5.289999961853027,5.300000190734863
2025-07-07,13:15:00,5.300000190734863,5.329999923706055,5.300000190734863,5.329999923706055
2025-07-07,13:30:00,5.329999923706055,5.340000152587891,5.329999923706055,5.329999923706055
2025-07-07,13:45:00,5.329999923706055,5.340000152587891,5.309999942779541,5.309999942779541
2025-07-07,14:00:00,5.309999942779541,5.309999942779541,5.309999942779541,5.309999942779541
2025-07-07,14:15:00,5.300000190734863,5.329999923706055,5.300000190734863,5.300000190734863
2025-07-07,14:30:00,5.309999942779541,5.309999942779541,5.25,5.269999980926514
2025-07-07,14:45:00,5.25,5.269999980926514,5.210000038146973,5.230000019073486
2025-07-07,15:00:00,5.230000019073486,5.239999771118164,5.179999828338623,5.199999809265137
2025-07-07,15:15:00,5.190000057220459,5.260000228881836,5.190000057220459,5.199999809265137
2025-07-08,09:15:00,5.210000038146973,5.289999961853027,5.199999809265137,5.25
2025-07-08,09:30:00,5.25,5.25,5.03000020980835,5.170000076293945
2025-07-08,09:45:00,5.150000095367432,5.199999809265137,5.119999885559082,5.119999885559082
2025-07-08,10:00:00,5.130000114440918,5.130000114440918,5.079999923706055,5.130000114440918
2025-07-08,10:15:00,5.170000076293945,5.170000076293945,5.110000133514404,5.119999885559082
2025-07-08,10:30:00,5.119999885559082,5.28000020980835,5.119999885559082,5.260000228881836
2025-07-08,10:45:00,5.239999771118164,5.260000228881836,5.21999979019165,5.230000019073486
2025-07-08,11:00:00,5.230000019073486,5.230000019073486,5.199999809265137,5.199999809265137
2025-07-08,11:15:00,5.199999809265137,5.210000038146973,5.179999828338623,5.199999809265137
2025-07-08,11:30:00,5.21999979019165,5.260000228881836,5.21999979019165,5.25
2025-07-08,11:45:00,5.230000019073486,5.230000019073486,5.179999828338623,5.230000019073486
2025-07-08,12:00:00,5.199999809265137,5.199999809265137,5.170000076293945,5.199999809265137
2025-07-08,12:15:00,5.199999809265137,5.199999809265137,5.159999847412109,5.159999847412109
2025-07-08,12:30:00,5.190000057220459,5.190000057220459,5.190000057220459,5.190000057220459
2025-07-08,12:45:00,5.159999847412109,5.159999847412109,5.150000095367432,5.150000095367432
2025-07-08,13:00:00,5.199999809265137,5.21999979019165,5.179999828338623,5.21999979019165
2025-07-08,13:15:00,5.179999828338623,5.179999828338623,5.179999828338623,5.179999828338623
2025-07-08,13:30:00,5.179999828338623,5.179999828338623,5.179999828338623,5.179999828338623
2025-07-08,13:45:00,5.179999828338623,5.230000019073486,5.159999847412109,5.21999979019165
2025-07-08,14:00:00,5.21999979019165,5.25,5.21999979019165,5.25
2025-07-08,14:15:00,5.25,5.260000228881836,5.21999979019165,5.260000228881836
2025-07-08,14:30:00,5.21999979019165,5.25,5.21999979019165,5.230000019073486
2025-07-08,14:45:00,5.21999979019165,5.21999979019165,5.199999809265137,5.21999979019165
2025-07-08,15:00:00,5.179999828338623,5.239999771118164,5.170000076293945,5.199999809265137
2025-07-08,15:15:00,5.239999771118164,5.239999771118164,5.159999847412109,5.190000057220459
2025-07-09,09:15:00,5.269999980926514,5.320000171661377,5.199999809265137,5.300000190734863
2025-07-09,09:30:00,5.300000190734863,5.329999923706055,5.269999980926514,5.320000171661377
2025-07-09,09:45:00,5.320000171661377,5.369999885559082,5.210000038146973,5.349999904632568
2025-07-09,10:00:00,5.349999904632568,5.349999904632568,5.309999942779541,5.320000171661377
2025-07-09,10:15:00,5.300000190734863,5.320000171661377,5.300000190734863,5.320000171661377
2025-07-09,10:30:00,5.320000171661377,5.320000171661377,5.25,5.309999942779541
2025-07-09,10:45:00,5.309999942779541,5.309999942779541,5.309999942779541,5.309999942779541
2025-07-09,11:00:00,5.260000228881836,5.309999942779541,5.260000228881836,5.309999942779541
2025-07-09,11:15:00,5.309999942779541,5.309999942779541,5.260000228881836,5.269999980926514
2025-07-09,11:30:00,5.309999942779541,5.309999942779541,5.300000190734863,5.300000190734863
2025-07-09,11:45:00,5.300000190734863,5.309999942779541,5.21999979019165,5.230000019073486
2025-07-09,12:00:00,5.28000020980835,5.28000020980835,5.21999979019165,5.21999979019165
2025-07-09,12:15:00,5.21999979019165,5.21999979019165,5.199999809265137,5.210000038146973
2025-07-09,12:30:00,5.210000038146973,5.230000019073486,5.210000038146973,5.230000019073486
2025-07-09,12:45:00,5.230000019073486,5.230000019073486,5.199999809265137,5.230000019073486
2025-07-09,13:00:00,5.260000228881836,5.260000228881836,5.21999979019165,5.21999979019165
2025-07-09,13:15:00,5.21999979019165,5.21999979019165,5.210000038146973,5.210000038146973
2025-07-09,13:45:00,5.21999979019165,5.21999979019165,5.210000038146973,5.210000038146973
2025-07-09,14:00:00,5.21999979019165,5.21999979019165,5.210000038146973,5.210000038146973
2025-07-09,14:15:00,5.230000019073486,5.230000019073486,5.210000038146973,5.210000038146973
2025-07-09,14:30:00,5.21999979019165,5.21999979019165,5.179999828338623,5.179999828338623
2025-07-09,14:45:00,5.190000057220459,5.190000057220459,5.050000190734863,5.050000190734863
2025-07-09,15:00:00,5.050000190734863,5.119999885559082,5.050000190734863,5.099999904632568
2025-07-09,15:15:00,5.099999904632568,5.119999885559082,5.059999942779541,5.090000152587891
2025-07-10,09:15:00,5.090000152587891,5.090000152587891,5.019999980926514,5.019999980926514
2025-07-10,09:30:00,5.019999980926514,5.090000152587891,5.019999980926514,5.090000152587891
2025-07-10,09:45:00,5.090000152587891,5.090000152587891,5.019999980926514,5.019999980926514
2025-07-10,10:00:00,5.019999980926514,5.03000020980835,5.019999980926514,5.03000020980835
2025-07-10,10:15:00,5.03000020980835,5.079999923706055,5.03000020980835,5.079999923706055
2025-07-10,10:30:00,5.079999923706055,5.079999923706055,5.079999923706055,5.079999923706055
2025-07-10,10:45:00,5.03000020980835,5.03000020980835,5.03000020980835,5.03000020980835
2025-07-10,11:00:00,5.079999923706055,5.090000152587891,5.079999923706055,5.079999923706055
2025-07-10,11:15:00,5.079999923706055,5.079999923706055,5.03000020980835,5.079999923706055
2025-07-10,11:30:00,5.03000020980835,5.03000020980835,5.019999980926514,5.03000020980835
2025-07-10,11:45:00,5.03000020980835,5.03000020980835,5.019999980926514,5.03000020980835
2025-07-10,12:00:00,5.03000020980835,5.03000020980835,5.019999980926514,5.019999980926514
2025-07-10,12:15:00,5.019999980926514,5.079999923706055,5.019999980926514,5.03000020980835
2025-07-10,12:30:00,5.03000020980835,5.079999923706055,5.019999980926514,5.079999923706055
2025-07-10,12:45:00,5.079999923706055,5.090000152587891,5.019999980926514,5.090000152587891
2025-07-10,13:00:00,5.090000152587891,5.090000152587891,5.090000152587891,5.090000152587891
2025-07-10,13:15:00,5.03000020980835,5.03000020980835,5.03000020980835,5.03000020980835
2025-07-10,13:30:00,5.019999980926514,5.019999980926514,4.980000019073486,4.980000019073486
2025-07-10,13:45:00,4.989999771118164,5.019999980926514,4.960000038146973,5.019999980926514
2025-07-10,14:00:00,5.019999980926514,5.019999980926514,5.010000228881836,5.010000228881836
2025-07-10,14:15:00,5.010000228881836,5.010000228881836,5.010000228881836,5.010000228881836
2025-07-10,14:30:00,4.829999923706055,4.900000095367432,4.829999923706055,4.900000095367432
2025-07-10,14:45:00,4.900000095367432,5.010000228881836,4.880000114440918,5.010000228881836
2025-07-10,15:00:00,5.0,5.019999980926514,5.0,5.0
2025-07-10,15:15:00,4.900000095367432,5.0,4.900000095367432,5.0
2025-07-11,09:15:00,5.0,5.0,4.849999904632568,4.96999979019165
2025-07-11,09:30:00,4.96999979019165,4.96999979019165,4.920000076293945,4.96999979019165
2025-07-11,09:45:00,4.949999809265137,4.96999979019165,4.949999809265137,4.96999979019165
2025-07-11,10:00:00,4.949999809265137,4.949999809265137,4.900000095367432,4.900000095367432
2025-07-11,10:15:00,4.900000095367432,4.900000095367432,4.75,4.809999942779541
2025-07-11,10:30:00,4.809999942779541,4.809999942779541,4.75,4.800000190734863
2025-07-11,10:45:00,4.800000190734863,4.800000190734863,4.760000228881836,4.769999980926514
2025-07-11,11:00:00,4.769999980926514,4.789999961853027,4.760000228881836,4.789999961853027
2025-07-11,11:15:00,4.760000228881836,4.789999961853027,4.760000228881836,4.789999961853027
2025-07-11,11:30:00,4.789999961853027,4.789999961853027,4.760000228881836,4.789999961853027
2025-07-11,11:45:00,4.789999961853027,4.809999942779541,4.789999961853027,4.809999942779541
2025-07-11,12:00:00,4.800000190734863,4.809999942779541,4.800000190734863,4.800000190734863
2025-07-11,12:15:00,4.809999942779541,4.840000152587891,4.809999942779541,4.840000152587891
2025-07-11,12:30:00,4.840000152587891,4.840000152587891,4.829999923706055,4.840000152587891
2025-07-11,12:45:00,4.840000152587891,4.840000152587891,4.800000190734863,4.800000190734863
2025-07-11,13:00:00,4.840000152587891,4.949999809265137,4.840000152587891,4.949999809265137
2025-07-11,13:15:00,4.949999809265137,4.949999809265137,4.949999809265137,4.949999809265137
2025-07-11,13:30:00,4.900000095367432,4.940000057220459,4.900000095367432,4.940000057220459
2025-07-11,13:45:00,4.940000057220459,4.940000057220459,4.920000076293945,4.920000076293945
2025-07-11,14:00:00,4.920000076293945,4.920000076293945,4.840000152587891,4.909999847412109
2025-07-11,14:15:00,4.900000095367432,4.900000095367432,4.900000095367432,4.900000095367432
2025-07-11,14:30:00,4.900000095367432,4.900000095367432,4.880000114440918,4.900000095367432
2025-07-11,14:45:00,4.900000095367432,4.900000095367432,4.900000095367432,4.900000095367432
2025-07-11,15:00:00,4.900000095367432,4.920000076293945,4.840000152587891,4.840000152587891
2025-07-11,15:15:00,4.940000057220459,4.940000057220459,4.800000190734863,4.860000133514404
2025-07-14,09:15:00,4.840000152587891,4.940000057220459,4.840000152587891,4.929999828338623
2025-07-14,09:30:00,4.920000076293945,4.920000076293945,4.849999904632568,4.920000076293945
2025-07-14,09:45:00,4.920000076293945,4.920000076293945,4.869999885559082,4.920000076293945
2025-07-14,10:00:00,4.920000076293945,4.940000057220459,4.920000076293945,4.920000076293945
2025-07-14,10:15:00,4.940000057220459,4.940000057220459,4.920000076293945,4.920000076293945
2025-07-14,10:30:00,4.920000076293945,4.940000057220459,4.920000076293945,4.940000057220459
2025-07-14,10:45:00,4.940000057220459,4.940000057220459,4.920000076293945,4.920000076293945
2025-07-14,11:00:00,4.920000076293945,4.940000057220459,4.920000076293945,4.940000057220459
2025-07-14,11:15:00,4.940000057220459,4.940000057220459,4.929999828338623,4.940000057220459
2025-07-14,11:30:00,4.940000057220459,4.940000057220459,4.920000076293945,4.920000076293945
2025-07-14,11:45:00,4.929999828338623,4.929999828338623,4.929999828338623,4.929999828338623
2025-07-14,12:00:00,4.929999828338623,4.929999828338623,4.880000114440918,4.880000114440918
2025-07-14,12:15:00,4.849999904632568,4.849999904632568,4.820000171661377,4.849999904632568
2025-07-14,12:30:00,4.880000114440918,4.929999828338623,4.849999904632568,4.929999828338623
2025-07-14,12:45:00,4.849999904632568,4.929999828338623,4.849999904632568,4.849999904632568
2025-07-14,13:00:00,4.849999904632568,4.920000076293945,4.849999904632568,4.920000076293945
2025-07-14,13:15:00,4.909999847412109,4.909999847412109,4.849999904632568,4.849999904632568
2025-07-14,13:30:00,4.849999904632568,4.849999904632568,4.849999904632568,4.849999904632568
2025-07-14,13:45:00,4.849999904632568,4.920000076293945,4.849999904632568,4.849999904632568
2025-07-14,14:00:00,4.849999904632568,4.849999904632568,4.849999904632568,4.849999904632568
2025-07-14,14:15:00,4.920000076293945,4.920000076293945,4.920000076293945,4.920000076293945
2025-07-14,14:30:00,4.920000076293945,4.920000076293945,4.849999904632568,4.849999904632568
2025-07-14,14:45:00,4.860000133514404,4.920000076293945,4.860000133514404,4.920000076293945
2025-07-14,15:00:00,4.920000076293945,4.920000076293945,4.860000133514404,4.860000133514404
2025-07-14,15:15:00,4.860000133514404,4.920000076293945,4.860000133514404,4.869999885559082
2025-07-15,09:15:00,5.050000190734863,5.050000190734863,4.989999771118164,5.0
2025-07-15,09:30:00,5.0,5.0,4.900000095367432,5.0
2025-07-15,09:45:00,5.0,5.0,4.900000095367432,4.989999771118164
2025-07-15,10:00:00,4.909999847412109,5.0,4.909999847412109,5.0
2025-07-15,10:15:00,4.900000095367432,5.0,4.900000095367432,5.0
2025-07-15,10:30:00,4.980000019073486,5.0,4.96999979019165,4.989999771118164
2025-07-15,10:45:00,4.989999771118164,4.989999771118164,4.96999979019165,4.980000019073486
2025-07-15,11:00:00,4.96999979019165,4.96999979019165,4.949999809265137,4.949999809265137
2025-07-15,11:15:00,4.949999809265137,4.949999809265137,4.949999809265137,4.949999809265137
2025-07-15,11:30:00,4.980000019073486,4.980000019073486,4.949999809265137,4.949999809265137
2025-07-15,11:45:00,4.949999809265137,4.949999809265137,4.949999809265137,4.949999809265137
2025-07-15,12:00:00,4.949999809265137,4.949999809265137,4.949999809265137,4.949999809265137
2025-07-15,12:15:00,4.96999979019165,4.96999979019165,4.909999847412109,4.909999847412109
2025-07-15,12:30:00,4.96999979019165,4.96999979019165,4.96999979019165,4.96999979019165
2025-07-15,12:45:00,4.96999979019165,4.96999979019165,4.929999828338623,4.940000057220459
2025-07-15,13:00:00,4.940000057220459,4.940000057220459,4.929999828338623,4.940000057220459
2025-07-15,13:15:00,4.940000057220459,4.940000057220459,4.929999828338623,4.940000057220459
2025-07-15,13:30:00,4.940000057220459,4.940000057220459,4.929999828338623,4.929999828338623
2025-07-15,13:45:00,4.940000057220459,4.940000057220459,4.929999828338623,4.940000057220459
2025-07-15,14:00:00,4.940000057220459,4.940000057220459,4.929999828338623,4.929999828338623
2025-07-15,14:15:00,4.900000095367432,5.03000020980835,4.900000095367432,5.03000020980835
2025-07-15,14:30:00,5.03000020980835,5.03000020980835,5.03000020980835,5.03000020980835
2025-07-15,14:45:00,5.0,5.03000020980835,4.909999847412109,4.909999847412109
2025-07-15,15:00:00,4.920000076293945,4.920000076293945,4.920000076293945,4.920000076293945
2025-07-15,15:15:00,5.03000020980835,5.03000020980835,5.03000020980835,5.03000020980835
2025-07-16,09:15:00,4.909999847412109,5.25,4.860000133514404,5.239999771118164
2025-07-16,09:30:00,4.860000133514404,5.21999979019165,4.860000133514404,4.900000095367432
2025-07-16,09:45:00,4.909999847412109,5.210000038146973,4.909999847412109,5.0
2025-07-16,10:00:00,5.019999980926514,5.03000020980835,5.019999980926514,5.03000020980835
2025-07-16,10:15:00,5.0,5.199999809265137,4.920000076293945,4.920000076293945
2025-07-16,10:30:00,5.21999979019165,5.21999979019165,4.920000076293945,5.130000114440918
2025-07-16,10:45:00,5.130000114440918,5.130000114440918,4.929999828338623,5.119999885559082
2025-07-16,11:00:00,5.099999904632568,5.099999904632568,4.949999809265137,4.96999979019165
2025-07-16,11:15:00,5.0,5.0,5.0,5.0
2025-07-16,11:30:00,5.050000190734863,5.050000190734863,5.0,5.0
2025-07-16,11:45:00,5.050000190734863,5.050000190734863,5.050000190734863,5.050000190734863
2025-07-16,12:15:00,5.03000020980835,5.03000020980835,5.0,5.03000020980835
2025-07-16,12:30:00,5.050000190734863,5.050000190734863,5.039999961853027,5.039999961853027
2025-07-16,12:45:00,5.050000190734863,5.050000190734863,5.039999961853027,5.039999961853027
2025-07-16,13:00:00,5.039999961853027,5.039999961853027,5.039999961853027,5.039999961853027
2025-07-16,13:15:00,5.050000190734863,5.050000190734863,5.050000190734863,5.050000190734863
2025-07-16,13:30:00,5.059999942779541,5.079999923706055,5.059999942779541,5.079999923706055
2025-07-16,13:45:00,5.059999942779541,5.059999942779541,5.059999942779541,5.059999942779541
2025-07-16,14:00:00,5.059999942779541,5.059999942779541,5.050000190734863,5.050000190734863
2025-07-16,14:15:00,5.039999961853027,5.050000190734863,5.039999961853027,5.039999961853027
2025-07-16,14:30:00,5.050000190734863,5.050000190734863,5.0,5.0
2025-07-16,14:45:00,5.0,5.0,4.920000076293945,4.920000076293945
2025-07-16,15:00:00,4.920000076293945,5.0,4.920000076293945,4.949999809265137
2025-07-16,15:15:00,4.96999979019165,5.039999961853027,4.75,4.849999904632568
2025-07-17,09:15:00,4.849999904632568,4.989999771118164,4.699999809265137,4.800000190734863
2025-07-17,09:30:00,4.900000095367432,4.900000095367432,4.820000171661377,4.900000095367432
2025-07-17,09:45:00,4.900000095367432,4.900000095367432,4.900000095367432,4.900000095367432
2025-07-17,10:00:00,4.900000095367432,4.900000095367432,4.900000095367432,4.900000095367432
2025-07-17,10:15:00,4.900000095367432,4.900000095367432,4.800000190734863,4.900000095367432
2025-07-17,10:30:00,4.900000095367432,4.900000095367432,4.900000095367432,4.900000095367432
2025-07-17,10:45:00,4.900000095367432,4.900000095367432,4.900000095367432,4.900000095367432
2025-07-17,11:00:00,4.900000095367432,4.980000019073486,4.800000190734863,4.800000190734863
2025-07-17,11:15:00,4.809999942779541,4.980000019073486,4.809999942779541,4.980000019073486
2025-07-17,11:30:00,4.96999979019165,4.96999979019165,4.809999942779541,4.849999904632568
2025-07-17,12:00:00,4.849999904632568,4.96999979019165,4.849999904632568,4.96999979019165
2025-07-17,12:15:00,4.860000133514404,4.960000038146973,4.860000133514404,4.960000038146973
2025-07-17,12:30:00,4.860000133514404,4.960000038146973,4.860000133514404,4.960000038146973
2025-07-17,12:45:00,4.960000038146973,4.960000038146973,4.949999809265137,4.949999809265137
2025-07-17,13:00:00,4.949999809265137,4.960000038146973,4.949999809265137,4.960000038146973
2025-07-17,13:15:00,4.960000038146973,4.960000038146973,4.949999809265137,4.949999809265137
2025-07-17,13:45:00,4.900000095367432,4.900000095367432,4.900000095367432,4.900000095367432
2025-07-17,14:15:00,4.900000095367432,4.929999828338623,4.900000095367432,4.929999828338623
2025-07-17,14:30:00,4.900000095367432,4.900000095367432,4.900000095367432,4.900000095367432
2025-07-17,14:45:00,4.929999828338623,4.929999828338623,4.929999828338623,4.929999828338623
2025-07-17,15:00:00,4.900000095367432,4.929999828338623,4.900000095367432,4.920000076293945
2025-07-17,15:15:00,4.929999828338623,4.929999828338623,4.920000076293945,4.920000076293945
2025-07-18,09:15:00,5.0,5.0,4.900000095367432,4.940000057220459
2025-07-18,09:30:00,4.940000057220459,4.940000057220459,4.800000190734863,4.800000190734863
2025-07-18,09:45:00,4.809999942779541,4.940000057220459,4.809999942779541,4.900000095367432
2025-07-18,10:00:00,4.900000095367432,4.900000095367432,4.900000095367432,4.900000095367432
2025-07-18,10:15:00,4.820000171661377,4.96999979019165,4.809999942779541,4.960000038146973
2025-07-18,10:30:00,4.960000038146973,4.960000038146973,4.940000057220459,4.940000057220459
2025-07-18,10:45:00,4.809999942779541,4.920000076293945,4.809999942779541,4.920000076293945
2025-07-18,11:00:00,4.809999942779541,4.920000076293945,4.800000190734863,4.920000076293945
2025-07-18,11:15:00,4.920000076293945,4.920000076293945,4.920000076293945,4.920000076293945
2025-07-18,11:30:00,4.920000076293945,4.920000076293945,4.860000133514404,4.920000076293945
2025-07-18,11:45:00,4.900000095367432,4.900000095367432,4.900000095367432,4.900000095367432
2025-07-18,12:00:00,4.920000076293945,4.920000076293945,4.900000095367432,4.900000095367432
2025-07-18,12:30:00,4.920000076293945,4.920000076293945,4.920000076293945,4.920000076293945
2025-07-18,12:45:00,4.920000076293945,4.920000076293945,4.909999847412109,4.909999847412109
2025-07-18,13:00:00,4.920000076293945,4.920000076293945,4.920000076293945,4.920000076293945
2025-07-18,13:15:00,4.920000076293945,4.920000076293945,4.900000095367432,4.900000095367432
2025-07-18,14:00:00,4.920000076293945,4.920000076293945,4.909999847412109,4.920000076293945
2025-07-18,14:15:00,4.989999771118164,4.989999771118164,4.920000076293945,4.980000019073486
2025-07-18,14:30:00,4.980000019073486,4.980000019073486,4.920000076293945,4.980000019073486
2025-07-18,15:00:00,4.920000076293945,4.920000076293945,4.920000076293945,4.920000076293945
2025-07-18,15:15:00,4.980000019073486,4.980000019073486,4.920000076293945,4.96999979019165
2025-07-21,09:15:00,4.869999885559082,5.050000190734863,4.869999885559082,4.96999979019165
2025-07-21,09:30:00,4.96999979019165,5.050000190734863,4.96999979019165,5.03000020980835
2025-07-21,09:45:00,5.03000020980835,5.03000020980835,4.96999979019165,5.03000020980835
2025-07-21,10:00:00,5.03000020980835,5.03000020980835,4.96999979019165,5.0
2025-07-21,10:15:00,5.0,5.050000190734863,4.96999979019165,5.050000190734863
2025-07-21,10:30:00,5.050000190734863,5.050000190734863,4.96999979019165,4.96999979019165
2025-07-21,10:45:00,5.03000020980835,5.03000020980835,5.03000020980835,5.03000020980835
2025-07-21,11:00:00,4.909999847412109,4.909999847412109,4.909999847412109,4.909999847412109
2025-07-21,11:15:00,4.929999828338623,5.03000020980835,4.929999828338623,5.03000020980835
2025-07-21,11:30:00,4.96999979019165,5.03000020980835,4.96999979019165,5.03000020980835
2025-07-21,11:45:00,5.03000020980835,5.03000020980835,5.019999980926514,5.019999980926514
2025-07-21,12:00:00,5.019999980926514,5.019999980926514,4.989999771118164,5.0
2025-07-21,12:15:00,5.0,5.0,5.0,5.0
2025-07-21,12:30:00,5.0,5.0,4.96999979019165,4.96999979019165
2025-07-21,12:45:00,4.989999771118164,4.989999771118164,4.96999979019165,4.989999771118164
2025-07-21,13:00:00,4.96999979019165,4.989999771118164,4.96999979019165,4.989999771118164
2025-07-21,13:15:00,4.989999771118164,4.989999771118164,4.96999979019165,4.989999771118164
2025-07-21,13:30:00,4.989999771118164,4.989999771118164,4.989999771118164,4.989999771118164
2025-07-21,13:45:00,4.96999979019165,4.989999771118164,4.909999847412109,4.989999771118164
2025-07-21,14:00:00,4.980000019073486,4.980000019073486,4.980000019073486,4.980000019073486
2025-07-21,14:15:00,4.920000076293945,4.920000076293945,4.920000076293945,4.920000076293945
2025-07-21,14:30:00,4.980000019073486,4.980000019073486,4.980000019073486,4.980000019073486
2025-07-21,14:45:00,4.980000019073486,4.980000019073486,4.800000190734863,4.800000190734863
2025-07-21,15:00:00,4.989999771118164,4.989999771118164,4.989999771118164,4.989999771118164
2025-07-21,15:15:00,4.980000019073486,4.980000019073486,4.980000019073486,4.980000019073486
2025-07-22,09:15:00,4.960000038146973,4.960000038146973,4.75,4.949999809265137
2025-07-22,09:30:00,4.789999961853027,4.940000057220459,4.789999961853027,4.940000057220459
2025-07-22,09:45:00,4.960000038146973,4.960000038146973,4.860000133514404,4.860000133514404
2025-07-22,10:00:00,4.960000038146973,4.960000038146973,4.860000133514404,4.860000133514404
2025-07-22,10:15:00,4.960000038146973,4.960000038146973,4.960000038146973,4.960000038146973
2025-07-22,10:30:00,4.960000038146973,4.960000038146973,4.900000095367432,4.900000095367432
2025-07-22,10:45:00,4.860000133514404,4.960000038146973,4.860000133514404,4.869999885559082
2025-07-22,11:00:00,4.869999885559082,4.869999885559082,4.860000133514404,4.860000133514404
2025-07-22,11:15:00,4.960000038146973,4.960000038146973,4.849999904632568,4.960000038146973
2025-07-22,11:45:00,4.960000038146973,4.960000038146973,4.860000133514404,4.960000038146973
2025-07-22,12:00:00,4.960000038146973,4.960000038146973,4.849999904632568,4.849999904632568
2025-07-22,12:15:00,4.829999923706055,4.829999923706055,4.829999923706055,4.829999923706055
2025-07-22,12:30:00,4.820000171661377,4.960000038146973,4.800000190734863,4.960000038146973
2025-07-22,12:45:00,4.820000171661377,4.849999904632568,4.820000171661377,4.829999923706055
2025-07-22,13:00:00,4.849999904632568,4.849999904632568,4.849999904632568,4.849999904632568
2025-07-22,13:15:00,4.869999885559082,4.869999885559082,4.789999961853027,4.789999961853027
2025-07-22,13:30:00,4.789999961853027,4.960000038146973,4.789999961853027,4.960000038146973
2025-07-22,14:00:00,4.940000057220459,4.940000057220459,4.800000190734863,4.800000190734863
2025-07-22,14:15:00,4.929999828338623,4.929999828338623,4.929999828338623,4.929999828338623
2025-07-22,14:30:00,4.920000076293945,4.920000076293945,4.920000076293945,4.920000076293945
2025-07-22,14:45:00,4.880000114440918,4.880000114440918,4.880000114440918,4.880000114440918
2025-07-22,15:15:00,4.880000114440918,4.880000114440918,4.809999942779541,4.869999885559082
2025-07-23,09:15:00,4.769999980926514,4.929999828338623,4.769999980926514,4.889999866485596
2025-07-23,09:30:00,4.880000114440918,4.880000114440918,4.849999904632568,4.849999904632568
2025-07-23,09:45:00,4.849999904632568,4.849999904632568,4.75,4.75
2025-07-23,10:00:00,4.800000190734863,4.849999904632568,4.800000190734863,4.849999904632568
2025-07-23,10:15:00,4.849999904632568,4.900000095367432,4.760000228881836,4.760000228881836
2025-07-23,10:30:00,4.900000095367432,4.900000095367432,4.769999980926514,4.769999980926514
2025-07-23,10:45:00,4.900000095367432,4.900000095367432,4.880000114440918,4.880000114440918
2025-07-23,11:00:00,4.880000114440918,4.880000114440918,4.880000114440918,4.880000114440918
2025-07-23,11:15:00,4.880000114440918,4.880000114440918,4.880000114440918,4.880000114440918
2025-07-23,11:30:00,4.880000114440918,4.880000114440918,4.880000114440918,4.880000114440918
2025-07-23,11:45:00,4.880000114440918,4.880000114440918,4.880000114440918,4.880000114440918
2025-07-23,12:00:00,4.880000114440918,4.880000114440918,4.789999961853027,4.789999961853027
2025-07-23,12:15:00,4.789999961853027,4.889999866485596,4.789999961853027,4.800000190734863
2025-07-23,12:30:00,4.889999866485596,4.889999866485596,4.840000152587891,4.840000152587891
2025-07-23,12:45:00,4.820000171661377,4.869999885559082,4.789999961853027,4.869999885559082
2025-07-23,13:00:00,4.789999961853027,4.789999961853027,4.789999961853027,4.789999961853027
2025-07-23,13:15:00,4.800000190734863,4.800000190734863,4.800000190734863,4.800000190734863
2025-07-23,13:30:00,4.800000190734863,4.889999866485596,4.800000190734863,4.889999866485596
2025-07-23,13:45:00,4.889999866485596,4.889999866485596,4.889999866485596,4.889999866485596
2025-07-23,14:00:00,4.800000190734863,4.900000095367432,4.800000190734863,4.900000095367432
2025-07-23,14:15:00,4.880000114440918,4.880000114440918,4.820000171661377,4.880000114440918
2025-07-23,14:30:00,4.880000114440918,4.880000114440918,4.880000114440918,4.880000114440918
2025-07-23,14:45:00,4.880000114440918,4.909999847412109,4.829999923706055,4.909999847412109
2025-07-23,15:00:00,4.889999866485596,4.889999866485596,4.889999866485596,4.889999866485596
2025-07-23,15:15:00,4.829999923706055,4.909999847412109,4.829999923706055,4.849999904632568
2025-07-24,09:15:00,4.849999904632568,4.929999828338623,4.75,4.929999828338623
2025-07-24,09:30:00,4.929999828338623,4.929999828338623,4.769999980926514,4.769999980926514
2025-07-24,09:45:00,4.900000095367432,4.900000095367432,4.75,4.800000190734863
2025-07-24,10:00:00,4.800000190734863,4.800000190734863,4.760000228881836,4.760000228881836
2025-07-24,10:15:00,4.800000190734863,4.889999866485596,4.760000228881836,4.889999866485596
2025-07-24,10:30:00,4.889999866485596,4.889999866485596,4.800000190734863,4.800000190734863
2025-07-24,10:45:00,4.889999866485596,4.889999866485596,4.889999866485596,4.889999866485596
2025-07-24,11:00:00,4.889999866485596,4.889999866485596,4.889999866485596,4.889999866485596
2025-07-24,11:15:00,4.889999866485596,4.889999866485596,4.800000190734863,4.800000190734863
2025-07-24,11:30:00,4.889999866485596,4.889999866485596,4.800000190734863,4.800000190734863
2025-07-24,11:45:00,4.800000190734863,4.889999866485596,4.800000190734863,4.800000190734863
2025-07-24,12:00:00,4.880000114440918,4.880000114440918,4.800000190734863,4.880000114440918
2025-07-24,12:15:00,4.800000190734863,4.800000190734863,4.800000190734863,4.800000190734863
2025-07-24,12:30:00,4.880000114440918,4.880000114440918,4.800000190734863,4.800000190734863
2025-07-24,12:45:00,4.800000190734863,4.880000114440918,4.800000190734863,4.800000190734863
2025-07-24,13:00:00,4.880000114440918,4.880000114440918,4.800000190734863,4.800000190734863
2025-07-24,13:15:00,4.880000114440918,4.880000114440918,4.860000133514404,4.860000133514404
2025-07-24,13:30:00,4.860000133514404,4.880000114440918,4.800000190734863,4.880000114440918
2025-07-24,13:45:00,4.880000114440918,4.880000114440918,4.800000190734863,4.800000190734863
2025-07-24,14:00:00,4.880000114440918,4.880000114440918,4.880000114440918,4.880000114440918
2025-07-24,14:15:00,4.869999885559082,4.869999885559082,4.860000133514404,4.860000133514404
2025-07-24,14:30:00,4.860000133514404,4.860000133514404,4.860000133514404,4.860000133514404
2025-07-24,14:45:00,4.860000133514404,4.860000133514404,4.800000190734863,4.800000190734863
2025-07-24,15:00:00,4.800000190734863,4.860000133514404,4.800000190734863,4.860000133514404
2025-07-24,15:15:00,4.849999904632568,4.860000133514404,4.840000152587891,4.840000152587891
2025-07-25,09:15:00,4.800000190734863,4.929999828338623,4.800000190734863,4.900000095367432
2025-07-25,09:30:00,4.900000095367432,4.900000095367432,4.809999942779541,4.820000171661377
2025-07-25,09:45:00,4.840000152587891,4.840000152587891,4.840000152587891,4.840000152587891
2025-07-25,10:00:00,4.840000152587891,4.840000152587891,4.809999942779541,4.809999942779541
2025-07-25,10:15:00,4.900000095367432,4.900000095367432,4.809999942779541,4.809999942779541
2025-07-25,10:30:00,4.900000095367432,4.900000095367432,4.809999942779541,4.809999942779541
2025-07-25,11:00:00,4.900000095367432,4.900000095367432,4.889999866485596,4.889999866485596
2025-07-25,11:15:00,4.889999866485596,4.889999866485596,4.889999866485596,4.889999866485596
2025-07-25,11:30:00,4.889999866485596,4.889999866485596,4.809999942779541,4.809999942779541
2025-07-25,11:45:00,4.809999942779541,4.880000114440918,4.809999942779541,4.880000114440918
2025-07-25,12:30:00,4.880000114440918,4.880000114440918,4.880000114440918,4.880000114440918
2025-07-25,12:45:00,4.880000114440918,4.880000114440918,4.880000114440918,4.880000114440918
2025-07-25,13:00:00,4.880000114440918,4.880000114440918,4.809999942779541,4.809999942779541
2025-07-25,13:15:00,4.809999942779541,4.809999942779541,4.809999942779541,4.809999942779541
2025-07-25,13:30:00,4.809999942779541,4.809999942779541,4.809999942779541,4.809999942779541
2025-07-25,14:00:00,4.809999942779541,4.809999942779541,4.809999942779541,4.809999942779541
2025-07-25,14:15:00,4.829999923706055,4.849999904632568,4.829999923706055,4.849999904632568
2025-07-25,14:30:00,4.849999904632568,4.849999904632568,4.849999904632568,4.849999904632568
2025-07-25,14:45:00,4.869999885559082,4.869999885559082,4.840000152587891,4.840000152587891
2025-07-25,15:00:00,4.829999923706055,4.849999904632568,4.829999923706055,4.840000152587891
2025-07-25,15:15:00,4.829999923706055,4.840000152587891,4.820000171661377,4.829999923706055
